x,Americano
101 DALMATAS,1
11 MINUTOS,1
1A MOSTRA IN VINO VERITAS DE CINEMA,0
2001 UMA ODISSEIA NO ESPACO,1
22Â° FESTIVAL MIX BRASIL 2014,0
500 DIAS COM ELA,1
8Âº FESTA DO CINEMA ITALIANO,0
A ACUSADA,0
A CHEGADA,1
A CIDADE E UMA SO,0
A CIDADE ONDE ENVELHECO,0
A COMPANHIA DOS LOBOS,1
A DESPEDIDA,1
A DISTANCIA,1
A ECONOMIA DO AMOR,0
A ERA DO GELO  O BIG BANG,1
A ESCOLA DE BABEL,0
A FAMILIA DIONTI,1
A FESTA DE DESPEDIDA,0
A FLAUTA MAGICA,0
A FLOR DO MAL,1
A FURIA DO DRAGAO,1
A GAROTA DESCONHECIDA,0
A GAROTA DO LIVRO,1
A GLORIA E A GRACA,0
A HISTORIA SEM FIM,1
A HORA DO PESADELO,1
A JANELA MAGICA,0
A JOVEM RAINHA,0
A JUVENTUDE,1
A LIBERDADE E AZUL,0
A LISTA DE SCHINDLER,1
A LUTA DO SECULO,1
A LUZ ENTRE OCEANOS,1
A MAE,0
A MARCA DO MEDO,1
A MONTANHA DOS SETE ABUTRES,1
A MULHER QUE SE FOI,0
A NOIVA DE FRANKENSTEIN,1
A NOVICA REBELDE,1
A OPCAO OU AS ROSAS DA ESTRADA,0
A ORIGEM,1
A PELE DE VENUS,0
A PEQUENA SEREIA,1
A QUALQUER CUSTO,1
A REPARTICAO DO TEMPO,0
A SERPENTE,0
A TARTARUGA VERMELHA,0
A TEORIA SUECA DO AMOR,0
A TERRA VERMELHA,0
A ULTIMA LICAO,0
A ULTIMA RESSACA DO ANO,1
A VIAGEM DE MEU PAI,0
A VIDA DE UMA MULHER,0
A VIDA EM SI,1
A VIDA INVISIVEL,1
A VIZINHANCA DO TIGRE,0
A VOLTA,1
A VOZ EM OFF,1
ACORDA NICOLE,0
ACROSS THE UNIVERSE,1
ADEUS A LINGUAGEM,1
AEROBICA  UMA HISTORIA DE AMOR,1
AFTERIMAGE,1
AGNUS DEI,1
AIDA,1
AKIRA,1
ALABAMA MONROE,1
ALEM DA ILUSAO,1
ALICE ATRAVES DO ESPELHO,1
ALIEN  O OITAVO PASSAGEIRO,1
AMOR MALDITO,0
AMOR SEM FIM,1
AMOR SUBLIME AMOR,1
ANDRE RIEU  2019 MAASTRICHT CONCERT,0
ANGRY BIRDS  O FILME,1
ANIMA MUNDI 2014,1
ANIMAIS FANTASTICOS E ONDE HABITAM,1
ANIMAIS NOTURNOS,1
ANJOS DA NOITE GUERRAS DE SANGUE,1
ANNA,1
ANNABELLE,1
ANOMALISA,1
ANTES DO AMANHECER,1
ANTES O TEMPO NAO ACABAVA,0
APANHADORA DE SONHOS,0
APOCALYPSE NOW,1
AQUARIUS,1
ARGENTINA,1
AS AVENTURAS DE AZUR E ASMAR,0
AS AVENTURAS DE PADDINGTON,1
AS AVENTURAS DE ROBINSON CRUSOE,1
AS AVENTURAS DO PEQUENO COLOMBO,0
AS CONFISSOES,0
AS MIL E UMA NOITES VOLUME 1 O INQUIETO,1
AS MIL E UMA NOITES VOLUME 2 O DESOLADO,1
AS MIL E UMA NOITES VOLUME 3 O ENCANTADO,1
AS TARTARUGAS NINJA  FORA DAS SOMBRAS,1
ASAS DO DESEJO,1
ASPIRANTES,1
ASSALTO AO TREM PAGADOR,1
ASSIM QUE ABRO MEUS OLHOS,0
ASTERIX E O DOMINIO DOS DEUSES,1
ATO ATALHO E VENTO,0
AURORA,1
AUSTERLITZ,0
AXE CANTO DO POVO DE UM LUGAR,0
BAAL,0
BALLET BOLSHOI  A DAMA DAS CAMELIAS,0
BALLET BOLSHOI  A ERA DE OURO,0
BALLET BOLSHOI  LA BAYADERE,0
BALLET BOLSHOI  LAGO DOS CISNES,0
BALLET BOLSHOI  O QUEBRA NOZES,0
BALLET BOLSHOI  THE BRIGHT STREAM,0
BALLET BOLSHOI A MEGERA DOMADA,0
BALLET BOLSHOI AS CHAMAS DE PARIS,0
BALLET BOLSHOI DOM QUIXOTE,0
BALLET BOLSHOI GISELLE,0
BALLET BOLSHOI LA SYLPHIDE,0
BARASH,1
BATMAN O CAVALEIRO DAS TREVAS,1
BEATRIZ,0
BEDUINO,1
BELOS SONHOS,0
BIKES VS CARROS,1
BIRD PEOPLE,1
BLADE RUNNER  O CACADOR DE ANDROIDES,1
BLOWUP,1
BLUE JASMINE,1
BOI NEON,1
BONECO DO MAL,1
BONEQUINHA DE LUXO,1
BR 716,0
BRANCA DE NEVE E OS SETE ANOES,1
BRANCO SAI PRETO FICA,0
BRILHO ETERNO DE UMA MENTE SEM LEMBRANCAS,0
BRINCANTE,0
BRUXARIAS,1
BWAKAW,1
CACADORES DE EMOCAO,0
CACAFANTASMAS,1
CAES DE GUERRA,1
CAES SELVAGENS,1
CAFE,0
CAFE SOCIETY,0
CAMINO A LA PAZ,0
CAMPO DE JOGO,0
CANASTRA SUJA,0
CANTANDO NA CHUVA,1
CAPITAO AMERICA GUERRA CIVIL,1
CAPITAO FANTASTICO,1
CAPOEIRA UM PASSO A DOIS,0
CARLOTA JOAQUINA  PRINCESA DO BRASIL,0
CARNIVORA,1
CARRIE A ESTRANHA 1976,1
CARROS 2,1
CARTA BRANCA,0
CARTAS DA GUERRA,1
CASA,1
CASA GRANDE,0
CASABLANCA,1
CASAMENTO DE VERDADE,0
CASSINO,1
CAVALLERIA RUSTICANA  PAGLIACCI,0
CAVALO DINHEIRO,0
CEMITERIO DO ESPLENDOR,0
CENTRAL  O FILME,0
CERTAS MULHERES,0
CHARLES CHAPLIN A LENDA DO SECULO,1
CIDADAO KANE,1
CINDERELA,1
CINE VISTA 2016  A GAROTA DINAMARQUESA,1
CINE VISTA 2016  O REINO GELADO 2,1
CINEMA NOVO,0
CINQUENTA TONS DE CINZA,1
CINZAS,0
CLARISSE OU ALGUMA COISA SOBRE NOS DOIS,0
CLUBE DA LUTA,1
CLUBE DOS CINCO,1
COBAIN MONTAGE OF HECK,1
COM OS PUNHOS CERRADOS,0
COMBOIO DE SAL E ACUCAR,0
COMO TREINAR O SEU DRAGAO 2,1
COMO VOCE E,0
CONTA COMIGO,0
CORRENTE DO MAL,1
CORRESPONDENCIAS,1
CORTINAS FECHADAS,1
COS?Œ FAN TUTTE,0
COSMOS,1
CREEPY,1
CREPUSCULO DOS DEUSES,0
CRONICA DA DEMOLICAO,0
CURTAS 11,0
CURTAS 12,0
CURTAS 13,0
CURTAS 3,0
CURTAS 8,0
CURTINDO A VIDA ADOIDADO,1
DAVID LYNCH A VIDA DE UM ARTISTA,1
DE VOLTA PARA O FUTURO,1
DE VOLTA PARA O FUTURO 3,1
DEADPOOL,1
DEGRADE,1
DEIXA NA REGUA,0
DEMONIO DE NEON,0
DENTRO DA CAIXINHA,1
DEPOIS DA CHUVA,0
DEPOIS DE HORAS,0
DER SAMURAI,1
DESERTO,0
DEUSES DO EGITO,1
DIVERTIDA MENTE,1
DIVINAS DIVAS,0
DOIS REMI DOIS,0
DOLORES  UMA MULHER DOIS AMORES,0
DOUTOR ESTRANHO,1
DRACULA DE BRAM STOKER,1
DRAGON BALL Z  O RENASCIMENTO DE FREEZA,0
DUAS RAINHAS,0
E APENAS O FIM DO MUNDO,1
E FADA,0
E O VENTO LEVOU,0
EDEN,0
EDWARD MAOS DE TESOURA,1
EL AMPARO,0
EL FRASCO,0
ELA VOLTA NA QUINTA,1
ELIS,0
ELLE,1
ELON NAO ACREDITA NA MORTE,0
ENCANTADOS,1
ENTRELINHAS,0
ENTREVISTA COM O VAMPIRO,0
EPA CADE O NOE,0
EPIDEMIA DE CORES,0
ERA O HOTEL CAMBRIDGE,1
ERA UMA VEZ EM TOQUIO,1
ERASERHEAD,0
ESPERANDO ACORDADA,0
ESQUADRAO SUICIDA,1
ESTADOS UNIDOS PELO AMOR,1
ESTRANHOS NO PARAISO,1
EU DANIEL BLAKE,1
EU OLGA HEPNAROVA,0
EU SOLDADO,0
EU SOU INGRID BERGMAN,1
EU SOU MICHAEL,0
EXERCICIOS DE MEMORIA,0
EXODUS  DE ONDE EU VIM NAO EXISTE MAIS,1
EXPERIMENTOS,0
FACA A COISA CERTA,1
FALA COMIGO,1
FALLEN,1
FATIMA,0
FESTA DA SALSICHA,1
FESTIVAL DE OPERA NA TELA,0
FESTIVAL DE OPERA NA TELA  CARMEN,0
FESTIVAL DE OPERA NA TELA  GIANNI SCHICCHI,0
FESTIVAL JUDAICO 2016  JERUSALEM,0
FESTIVAL OPERA FLAUTA MAGICA,0
FESTIVAL VARILUX 2014,0
FESTIVAL VARILUX 2016  O NOVATO,0
FICA MAIS ESCURO ANTES DO AMANHECER,0
FICI  O QUE SERA DE NOZES,0
FICI 2016  ANIMA MUNDI PARA CRIANCAS,1
FICI 2016  CEGONHAS A HISTORIA QUE NAO TE CONTARAM,0
FICI 2016  O PEQUENO PRINCIPE,0
FICI 2016  ZOOTOPIA  ESSA CIDADE E O BICHO,0
FILHO DE SAUL,1
FILHOS DE BACH,1
FOOTLOOSE  RITMO LOUCO,1
FRANK,1
FROZEN  UMA AVENTURA CONGELANTE,1
GAGA  O AMOR PELA DANCA,1
GALERIA F,1
GALINHA PINTADINHA MINI NA TELONA,1
GAROTA NEGRA,0
GIRL ASLEEP,1
GLORIA,0
GLORY,1
GOOSEBUMPS  MONSTROS E ARREPIOS,1
GORGONA,1
GREASE NOS TEMPOS DA BRILHANTINA,1
GREMLINS,1
GRITOS E SUSSURROS,0
GUERRA DO PARAGUAY,0
HAIR,1
HAPPY HOUR  VERDADES E CONSEQUENCIAS,1
HARRY POTTER E A CAMARA SECRETA,1
HARRY POTTER E A ORDEM DA FENIX,1
HARRY POTTER E A PEDRA FILOSOFAL,1
HARRY POTTER E AS RELIQUIAS DA MORTE  PARTE I,1
HARRY POTTER E AS RELIQUIAS DA MORTE  PARTE II,1
HARRY POTTER E O CALICE DE FOGO,1
HARRY POTTER E O ENIGMA DO PRINCIPE,1
HARRY POTTER E O PRISIONEIRO DE AZKABAN,1
HELI,1
HERCULANO PIRES  UM CONVITE PARA O FUTURO,0
HIGHLANDER  O GUERREIRO IMORTAL,1
HIROSHIMA MEU AMOR,0
HISTORIA DE GUERRA,1
HOJE EU QUERO VOLTAR SOZINHO,0
HOMEMFORMIGA,1
HOTEL TRANSILVANIA 2,1
HUMANO  UMA VIAGEM PELA VIDA,1
IDA,1
IMAGENS,1
IMPERIO DO SOL,1
INDIANA JONES E OS CACADORES DA ARCA PERDIDA,1
INTERESTELAR,1
INTOLERANCIADOC,1
INTRODUCAO A MUSICA DO SANGUE,0
INVASAO ZUMBI,1
IRMA,1
IRMAS,0
JACK REACHER SEM RETORNO,1
JACKIE,1
JANIS LITTLE GIRL BLUE,1
JAUJA,1
JOGO DA MORTE,1
JOGO DO DINHEIRO,0
JOHN FROM,1
JONAS,1
JONAS E O CIRCO SEM LONA,1
JOVEM TIGRE,0
JOVENS LOUCOS E MAIS REBELDES,0
JUNTOS PARA SEMPRE,1
JURASSIC WORLD  O MUNDO DOS DINOSSAUROS,1
KOBLIC,1
KUNG FU PANDA 3,1
LA TRAVIATA,0
LA VINGANCA,0
LABIRINTO  A MAGIA DO TEMPO,1
LAMPIAO DA ESQUINA,0
LANG HISTORIE KORT,0
LARANJA MECANICA,1
LAURENCE ANYWAYS  MOSTRA QUEBEC,0
LESTE OESTE,0
LIMITE,0
LOS HERMANOS ESSE E SO O COMECO DO FIM DA NOSSA VIDA,0
LOUCAS DE ALEGRIA,0
LOVE,1
LOVE FILM FESTIVAL,1
LUCIO FLAVIO O PASSAGEIRO DA AGONIA,0
MACBETH  OPERA NA TELA,0
MAD MAX  ESTRADA DA FURIA,1
MAD MAX 1979,1
MADE IN CHINA,1
MAE SO HA UMA,0
MAGAL E OS FORMIGAS,0
MAGIA AO LUAR,0
MAGNOLIA,0
MAIDAN PROTESTOS NA UCRANIA,1
MAIS DO QUE EU POSSA ME RECONHECER,0
MAIS PERTO DA LUA,0
MANCHESTER A BEIRAMAR,1
MARATONA NOTURNA TERROR 80,1
MARESIA,0
MARGUERITE,0
MARGUERITE  JULIEN UM AMOR PROIBIDO,0
MARTIRIO,0
MARY POPPINS,1
MASHA E O URSO,1
MATEME POR FAVOR,0
MATRIX,1
MAZE RUNNER  PROVA DE FOGO,1
MELHORES AMIGOS,0
MEMORIAS DO CARCERE,1
MENINO 23  INFANCIAS PERDIDAS NO BRASIL,0
MERCURIALES,0
MEU AMIGO O DRAGAO,1
MEU MALVADO FAVORITO 2,1
MEU REI,0
MICHELLE E OBAMA,1
MIMOSAS,0
MINHA ADORAVEL LAVANDERIA,0
MINHA AMIGA DO PARQUE,0
MINIONS,1
MISTERIO NA COSTA CHANEL,0
MOGLI  O MENINO LOBO,1
MOMMY  MOSTRA QUEBEC,0
MOULIN ROUGE  AMOR EM VERMELHO,1
MUITO ROMANTICO,0
MULHER DO PAI,0
MULHERES AO ATAQUE,1
MUNDOS OPOSTOS,0
MUROS,0
MY NAME IS NOW ELZA SOARES,1
NA NATUREZA SELVAGEM,0
NA VENTANIA,0
NA VERTICAL,0
NAO ACEITAMOS DEVOLUCOES,0
NAS ESTRADAS DO NEPAL,0
NERUDA,1
NICK CAVE  20000 DIAS NA TERRA,1
NINGUEM DESEJA A NOITE,0
NISE  O CORACAO DA LOUCURA,0
NO MUNDO DA LUA,0
NO RISCO DO CIRCO NO RISCO DA VIDA,0
NOCTURAMA,0
NOITAO STEPHEN KING,1
NOITE DE VERAO EM BARCELONA,0
NOJOOM 10 ANOS DIVORCIADA,0
NOS DUAS DESCENDO A ESCADA,0
NOS PASSOS DO MESTRE,0
NOS SOMOS OS MELHORES,0
NOSSO LAR,0
NOVA DUBAI,0
O ABRACO DA SERPENTE,0
O AMOR NO DIVA,0
O ANJO FERIDO,0
O APARTAMENTO,0
O ATALANTE,0
O AUGE DO HUMANO,0
O BEBE DE ROSEMARY,0
O BEIJO DA MULHER ARANHA,1
O BOM DINOSSAURO,1
O BOTAO DE PEROLA,0
O BOULEVARD DO CRIME,0
O CANDIDATO HONESTO,0
O CAPITAL,0
O CENTENARIO QUE FUGIU PELA JANELA E DESAPARECEU,0
O CHEIRO DA GENTE,0
O CIDADAO ILUSTRE,1
O CONTO DA PRINCESA KAGUYA,0
O DIA MAIS FELIZ DA VIDA DE OLLI MAKI,0
O EFEITO AQUATICO,1
O ESPELHO,1
O ESTRANHO,1
O EXORCISTA,1
O FABULOSO DESTINO DE AMELIE POULAIN,1
O FILHO DE DEUS,0
O FILHO DE JOSEPH,1
O FILHO ETERNO,0
O FUTEBOL,0
O FUTURO PERFEITO,0
O GRANDE DIA,1
O GRANDE HOTEL BUDAPESTE,1
O GRANDE LEBOWSKI,0
O GRANDE MILAGRE,0
O GRANDE MOMENTO,0
O HOMEM COMUM,0
O HOMEM ELEFANTE,0
O HOMEM IRRACIONAL,0
O HOMEM NAS TREVAS,0
O HOMEM QUE CAIU NA TERRA,0
O IDOLO,1
O ILUMINADO,1
O JANTAR,0
O JARDIM DAS ESPUMAS,0
O JUIZ,1
O JULGAMENTO DE VIVIANE AMSALEM,0
O LABIRINTO DO FAUNO,0
O LAMENTO,0
O LAR DAS CRIANCAS PECULIARES,1
O MAGICO DE OZ,1
O MELHOR DE MIM,1
O MENINO E O MUNDO,0
O MILAGRE,1
O MONSTRO DA LAGOA NEGRA,0
O MUNDO FORA DO LUGAR,0
O MURO,1
O MURO  RETRATO DO BRASIL ATUAL,0
O NASCIMENTO DE UMA NACAO,0
O ORNITOLOGO,0
O OUTRO LADO,0
O OUTRO LADO DO PARAISO,0
O PASSADO,0
O PEQUENO FUGITIVO,0
O PLANO DE MAGGIE,0
O PODEROSO CHEFAO,0
O PRESENTE,1
O PROCESSO,1
O QUE ESTA POR VIR,0
O QUE EU FIZ PARA MERECER ISSO,0
O REI LEAO  1994,1
O REINO DA BELEZA,0
O RENASCIMENTO DO PARTO,0
O SENHOR DOS ANEIS A SOCIEDADE DO ANEL,1
O SETIMO SELO,1
O SHAOLIN DO SERTAO,0
O SILENCIO DA NOITE E QUE TEM SIDO TESTEMUNHA DAS MINHAS AMARGURAS,0
O SILENCIO DO CEU,0
O SILENCIO DOS INOCENTES,0
O SOM AO REDOR,0
O SONHO DE GRETA,0
O ULTIMO TRAGO,1
O ULTIMO VIRGEM,1
O VALOR DE UM HOMEM,1
O VENDEDOR DE SONHOS,1
OCIDENTE,1
OLHAR INSTIGADO,0
OPERA  OS CONTOS DE HOFFMAN,0
OPERACAO BIG HERO,0
ORGULHO E PRECONCEITO,0
OS BELOS DIAS,0
OS BELOS DIAS DE ARANJUEZ,0
OS BONS COMPANHEIROS,0
OS CAMPOS VOLTARAO,0
OS CAVALEIROS DO ZODIACO A LENDA DO SANTUARIO,0
OS CONTOS DE HOFFMANN,0
OS CONVIDADOS,0
OS COWBOYS,1
OS CROODS,1
OS DIAS COM ELE,0
OS EMBALOS DE SABADO A NOITE,0
OS FANTASMAS SE DIVERTEM,0
OS GOONIES,1
OS GUARDACHUVAS DO AMOR,0
OS INTOCAVEIS,1
OS INVISIVEIS,1
OS OITO ODIADOS,0
OS OLHOS SEM ROSTO,0
OS PINGUINS DE MADAGASCAR,1
OS SONHADORES,0
OS VINGADORES  ERA DE ULTRON,1
PAI EM DOSE DUPLA,0
PAIS E FILHAS,0
PAPEIS AO VENTO  UMA APOSTA PARA TODA VIDA,0
PARA SEMPRE,0
PARA SEMPRE ALICE,1
PARA TER ONDE IR,0
PARAISO,1
PARO QUANDO QUERO  FESTIVAL DE CINEMA ITALIANO,0
PASSAROS DE NETUNO,0
PATERSON,0
PAU BRASIL,0
PEGANDO FOGO,0
PEPPA PIG AS BOTAS DE OURO E OUTRAS HISTORIAS,0
PEQUENO SEGREDO,0
PEQUENOS QUE NEM VOCE,0
PERDIDO EM KARASTAN,0
PERDIDO EM MARTE,0
PERFEITA E A MAE,0
PERFUME DE MULHER,0
PERMANENCIA,0
PERSONA,0
PERSONAL SHOPPER,0
PETS  A VIDA SECRETA DOS BICHOS,1
PHOENIX,1
PITANGA,0
PLANETA DOS MACACOS O CONFRONTO,1
POESIA SEM FIM,0
PRAIA DO FUTURO,0
PRECISAMOS FALAR DE ASSEDIO,0
PREMIACAO ANIMA MUNDI 2016,0
PRISCILLA A RAINHA DO DESERTO,0
PROCURANDO DORY,1
PSICOSE,1
PULP FICTION  TEMPO DE VIOLENCIA,1
QUANDO AS LUZES SE APAGAM,0
QUANDO O DIA CHEGAR,0
QUASE MEMORIA,0
QUE HORAS ELA VOLTA,0
QUEM VOCE QUER SER NESSA HISTORIA,0
RAINHA DE KATWE,1
RAINHA DO MUNDO,0
RATATOUILLE,1
REDEMOINHO,1
RELATOS SELVAGENS,0
REZA A LENDA,0
RIFLE,0
RIGOLETTO,0
RIO MOUNTAIN FESTIVAL  2014,0
ROBERTO CARLOS E O DIAMANTE COR DE ROSA,0
ROMA CIDADE ABERTA,0
ROMANCE A FRANCESA,0
ROMEU E JULIETA,0
ROMEU E JULIETA  FRANCO ZEFFIRELLI,0
ROYAL OPERA HOUSE A BELA ADORMECIDA,0
ROYAL OPERA HOUSE ANDREA CHENIER,0
ROYAL OPERA HOUSE LA BOHEME,0
ROYAL OPERA HOUSE O QUEBRANOZES,0
SALTO NO VAZIO,0
SCARFACE,0
SCOTT PILGRIM CONTRA O MUNDO,0
SE MEU APARTAMENTO FALASSE,0
SEM DESTINO EASY RIDER,0
SETE MINUTOS DEPOIS DA MEIANOITE,0
SEXTAFEIRA 13  ANOS 80,1
SIERANEVADA,1
SNOWDEN  HEROI OU TRAIDOR,1
SOB PRESSAO,0
SOCIEDADE DOS POETAS MORTOS,0
SONHOS IMPERIAIS,0
SOUVENIR,1
SPARTACUS,1
SR HOLMES,0
STAR WARS  O DESPERTAR DA FORCA,1
STILL LIFE,1
STROMBOLI,1
SUDOESTE,0
SULLY  O HEROI DO RIO HUDSON,1
SUPER BOWL 50,1
SUPER ORQUESTRA ARCOVERDENSE DE RITMOS AMERICANOS,1
TAEGO AWA,0
TANGERINE,0
TAXI DRIVER,0
TAXI TEERA,0
TERESINHA,0
TERRA FIRME,0
TESTE DE AUDIENCIA,0
THE BEATLES EIGHT DAYS A WEEK,0
THE DOORS,1
THE ROCKY HORROR PICTURE SHOW,1
TIGRES,0
TITANIC,1
TODAS AS CORES DA NOITE,0
TODAS AS MANHAS DO MUNDO,0
TODO O PODER AS CRIANCAS,0
TOMMASO,0
TONI ERDMANN,0
TOSCA,0
TOY STORY,1
TRAINSPOTTING  SEM LIMITES,0
TRANSFORMERS A ERA DA EXTINCAO,0
TRAVESSIA,1
TRES CORACOES,0
TROLLS,1
TROPYKAOS,1
TRUMAN,1
TWIN PEAKS  OS ULTIMOS DIAS DE LAURA PALMER,1
ULTIMAS CONVERSAS,0
UM CASAMENTO,0
UM CORPO QUE CAI,0
UM DIA,0
UM ESTRANHO NO NINHO,1
UM FILME DE CINEMA,0
UM REENCONTRO,0
UM SONHO DE LIBERDADE,1
UMA CASA A BEIRA,1
UMA LINDA MULHER,0
V OLHAR DE CINEMA,0
VAI TRABALHAR VAGABUNDO,0
VELUDO AZUL,0
VERAO  ZOMER,0
VERMELHO BRASIL,0
VERMELHO RUSSO,0
VIC  FLO VIRAM UM URSO,0
VICKY CRISTINA BARCELONA,0
VIDA SELVAGEM,0
VINTE ANOS,0
VIVA,0
VOANDO ALTO,0
VOLTA A TERRA,0
WAITING FOR B,1
WATCHMEN  O FILME,1
WHIPLASH  EM BUSCA DA PERFEICAO,1
WHITE GOD,1
WOODY ALLEN  UM DOCUMENTARIO,1
XENIA,0
XMEN APOCALIPSE,1
YVONE KANE,1
10 SEGUNDOS PARA VENCER,1
10Â° FESTIVAL DE CINEMA ITALIANO,0
100 QUILOS DE ESTRELAS,0
10A SEMANA DE CINEMA,0
12 DIAS,0
12 HEROIS,1
120 BATIMENTOS POR MINUTO,1
150 MILIGRAMAS,0
1517  TREM PARA PARIS,0
1917,1
1930  TEMPO DE REVOLUCAO E 32  A GUERRA CIVIL,0
1945,1
1984  O FUTURO DO MUNDO,1
2010  O ANO EM QUE FAREMOS CONTATO,1
21 NOITES COM PATTIE,0
22 MILHAS,0
222  ENCONTRO MARCADO,1
24 HORAS NA VIDA DE UM PALHACO  O SILENCIO DO MAR,0
2Âª ETAPA CBLOL PARQUE FARROUPILHA 2018,0
3 FACES,1
30 ANOS BLUES,0
30 ANOS DE SUPEROUTRO,0
30 DIAS  UM CARNAVAL ENTRE A ALEGRIA E A DESILUSAO,0
35  O ASSALTO AO PODER,1
45 DIAS SEM VOCE,1
50 SAO OS NOVOS 30,1
522 UM GATO UM CHINES E MEU PAI,0
5T2 USHUAIA  TOPONIMIA,0
7 DESEJOS,1
8X ANIMACAO,0
A ABELHINHA MAYA  O FILME,0
A ALIANCA,1
A AMANTE,1
A APARICAO,1
A ARVORE,0
A ARVORE DOS FRUTOS SELVAGENS,0
A ARVORE DOS TAMANCOS,0
A AUTOPSIA,0
A BAILARINA,0
A BATALHA DAS CORRENTES,1
A BELA DA TARDE,0
A BELA E A FERA,1
A BELA INTRIGANTE,1
A BUSCA DO CHEFE DUCASSE,0
A BUSCA DO LUCRO E O SUSSURRO DO VENTO,0
A CABANA,1
A CABECA DE GUMERCINDO SARAIVA,0
A CADA MOMENTO,1
A CAMA,1
A CAMAREIRA,1
A CAMERA DE CLAIRE,1
A CAMINHO DE CASA,1
A CANCAO DA TERRA NATAL,0
A CASA DE VERANEIO,1
A CASA DO MEDO  INCIDENTE EM GHOSTLAND,0
A CASA QUE JACK CONSTRUIU,1
A CHANCE DE FAHIM,0
A CIAMBRA,1
A CIDADE DO FUTURO,1
A CIDADE DOS PIRATAS,0
A CIDADE SEM JUDEUS,0
A CINCO PASSOS DE VOCE,1
A COMEDIA DIVINA,0
A CONEXAO,0
A COR DO OCEANO,0
A COSTUREIRA DE SONHOS,1
A CRIADA,1
A CRIANCA LGBT EXISTEXAVIERNASSERTAKE YOURGOLD,0
A CURA,1
A DESTRUICAO DE BERNARDET,0
A DIVISAO,0
A DONZELA DA NEVE,0
A DUPLA JORNADA  NAO E HORA DE CHORAR,0
A EFEMERIDADE DO PARAISO,0
A ESPERA,1
A ESPIA VERMELHA,0
A ESPOSA,1
A ESTACAO DE TREM  FABRICA,0
A ESTETICISTA,1
A ESTRELA DE BELEM,0
A EXCENTRICA FAMILIA DE GASPARD,1
A EXPLORACAO DA ANTARTIDA,1
A FABRICA DE NADA,0
A FACE NEGRA DO AMOR,1
A FAMILIA ADDAMS,1
A FAMILIA BELIER,0
A FANTASTICA FABRICA DE CHOCOLATE  1971,1
A FANTASTICA FORMULA DO DR FUNES,0
A FANTASTICA VIAGEM DE MARONA,0
A FAVORITA,1
A FAVORITA  OPERA,0
A FEBRE,0
A FERA NA SELVA,0
A FESTA,1
A FILHA,1
A FILOSOFIA NA ALCOVA,0
A FORMA DA AGUA,1
A FREIRA,1
A GANHAPAO,0
A GAROTA COM A PULSEIRA,0
A GAROTA DA PULSEIRA,1
A GAROTA DO ARMARIO,1
A GAROTA NA NEVOA,1
A GAROTA OCIDENTAL  ENTRE O CORACAO E A TRADICAO,0
A GENTE,0
A GERACAO DA RIQUEZA,1
A GRANDE DAMA DO CINEMA,1
A GRANDE JOGADA,1
A GRANDE MENTIRA,0
A GRANDE MURALHA,1
A GRANDE MURALHA IMS,1
A GRANDE MURALHA VERDE,1
A GREVE,1
A GUERRA DOS SEXOS,1
A HISTORIA DE UM SILVA  MOSTRA ESTREIAS CARIOCAS,0
A HISTORIA DE UM SONHO  TODAS AS CASAS DO TIMAO,0
A HISTORIA IMORTAL,0
A HORA DA SUA MORTE,1
A IMAGEM DA TOLERANCIA,0
A INTERRUPCAO,0
A INVOCACAO,1
A INVOCACAO 2,1
A JANELA DA ALMA,1
A JAQUETA DE COURO DE CERVO,0
A JUIZA,1
A JUSTICEIRA,1
A LEI DA NOITE,0
A LENDA DE GOLEM,0
A LIBERDADE DO DIABO,1
A LIVRARIA,1
A LONGA CAMINHADA,1
A LUTA DE STEVE,0
A LUZ,1
A LUZ DO TOM,0
A LUZ NO FIM DO MUNDO,1
A MALDICAO DA CASA WINCHESTER,1
A MALDICAO DA CHORONA,0
A MALDICAO DA FREIRA,1
A MALDICAO DO ESPELHO,0
A MALDITA,1
A MARATONA DE BRITTANY,0
A MARCA DO ASSASSINO,0
A MATA NEGRA,0
A MELHOR ESCOLHA,0
A MELHOR JUVENTUDE  PARTE 1,0
A MELHOR JUVENTUDE  PARTE 2,0
A MENINA E O LEAO,1
A MENINA INDIGO,0
A MENINA SANTA,0
A MESA NO DESERTO MOTORRAD,0
A MISSA DO GALO,0
A MISSA DO GALO  UM LADRAO,0
A MOCA DO CALENDARIO,0
A MORTE DE LUIS XIV,0
A MORTE DE STALIN,1
A MORTE DO CINEMA,1
A MORTE TE DA PARABENS,1
A MORTE TE DA PARABENS 2,1
A MULA,1
A MULHER DA LUZ PROPRIA,1
A MULHER DO MEU MARIDO,1
A MULHER SEM CABECA,1
A MUMIA,1
A MUSICA DA MINHA VIDA,0
A MUSICA DE GION,0
A MUSICA DO TEMPO  DO SONHO DO IMPERIO AO IMPERIO DO SONHO,0
A MUSICA SEGUNDO ANTONIO CARLOS JOBIM,0
A MUSICA SEGUNDO TOM JOBIM,0
A NATUREZA DO TEMPO,1
A NEVOA VERDE,1
A NOITE AMARELA,1
A NOITE DEVOROU O MUNDO,0
A NOITE DO JOGO,1
A NOITE DOS MORTOS VIVOS,1
A NOIVA,1
A NOIVA DO DESERTO,1
A NOSSA BANDEIRA JAMAIS SERA VERMELHA,0
A NOSSA ESPERA,1
A NOVA SAGA DO CLA TAIRA,0
A NUMERO UM,1
A ODISSEIA,1
A ODISSEIA DOS TONTOS,0
A OPERA DE PARIS,0
A ORIGEM DO DRAGAO,1
A ORIGEM DOS GUARDIOES,1
A OUTRA HISTORIA DO MUNDO,1
A OUTRA MULHER,1
A PAIXAO DE AUGUSTINE MOSTRA QUEBEC,0
A PALAVRA,1
A PARTE DO MUNDO QUE ME PERTENCE,0
A PE ELE NAO VAI LONGE,0
A PEDRA,1
A PEDRA DA SERPENTE,0
A PEQUENA TRAVESSA,1
A PERMANENCIA,1
A PONTE DO RIO KWAI,1
A POSSESSAO DE MARY,1
A PRECE,1
A PRIMEIRA NOITE DE CRIME,1
A PRIMEIRA NOITE DE UM HOMEM,1
A PRINCESA DE ELYMIA,1
A PRINCESA YANG KWEI FEI,1
A PRISIONEIRA DO CAUCASO,1
A PROFECIA,1
A PROFESSORA DE MUSICA,0
A PROMESSA,1
A PROPOSITO DE NICE  TARIS REI DA AGUA,0
A PULGA ALEGRE  DA SERIE QUATRO IRMAS,0
A QUARTA PAREDE,0
A QUEDA DO IMPERIO AMERICANO,1
A QUIETUDE,0
A RAINHA DO MEDO,1
A RAIVA DOS INUK  MOSTRA QUEBEC,0
A RAPOSA MA,0
A REBELIAO,1
A RESISTENCIA DE INGA,0
A REVOLUCAO EM PARIS,0
A ROSA AZUL DE NOVALIS,0
A ROTA SELVAGEM,1
A ROTINA TEM SEU ENCANTO,0
A SEREIA  LAGO DOS MORTOS,0
A SOMBRA DE DUAS MULHERES,0
A SOMBRA DO PAI,0
A SUPERFICIE DA SOMBRA,0
A TABACARIA,0
A TECNOLOGIA SOCIAL,0
A TERCA PARTE DA NOITE,0
A TERCEIRA MARGEM DO RIO,0
A TERNURA,1
A TERRA NEGRA DOS KAWA,0
A TOCA DO LOBO IMS,0
A TORRE,1
A TORRE NEGRA,1
A TRAMA,1
A TROPA DE TRAPO NA SELVA DO ARCO IRIS,0
A TURMA DO PEREREDOC,0
A ULTIMA ABOLICAO,0
A ULTIMA CHANCE,1
A ULTIMA CRIANCA,0
A ULTIMA GRAVACAO,0
A ULTIMA LOUCURA DE CLAIRE DARLING,0
A VALSA DE WALDHEIM,0
A VENDEDORA DE FOSFOROS,1
A VERDADE,0
A VERDADEIRA HISTORIA DE NED KELLY,1
A VIAGEM DE FANNY,1
A VIDA APOS A VIDA,0
A VIDA DE ALICE,1
A VIDA DE DIANE,1
A VIDA EM FAMILIA,1
A VIDA EXTRAORDINARIA DE TARSO DE CASTRO,0
A VIDA PROVISORIA,0
A VILA,1
A VINGANCA DOS 47 RONINS  PARTE 1,1
A VINGANCA DOS 47 RONINS  PARTE II,1
A VIRGEM DE AGOSTO,1
A VIUVA ALEGRE,1
A VOZ DO SILENCIO,1
ABAIXO A GRAVIDADE,0
ABE,1
ABECEDARIO DO IZY,0
ABIGAIL E A CIDADE PROIBIDA,1
ABOMINAVEL,1
ABRINDO O ARMARIO,1
ACERTANDO O PASSO,0
ACONTECEU NA QUARTA FEIRA,0
ACONTECEU NA QUARTAFEIRA,0
ACOSSADO,0
ACQUA MOVIE,0
ACRIMONIA  ELA QUER VINGANCA,0
ACUCAR,0
AD ASTRA  RUMO AS ESTRELAS,0
ADAM,0
ADAM 2018,0
ADAMA,0
ADEUS A NOITE,0
ADEUS ENTUSIASMO,0
ADIVINHE QUEM VEM PARA JANTAR IMS,0
ADONIRAN  MEU NOME E JOAO RUBINATO,0
ADORAVEIS MULHERES,1
AFIRMATIVOS I,0
AFTER,1
AFTERLIFE,1
AGUA FRIA,1
AINDA TEMOS A IMENSIDAO DA NOITE,0
ALADDIN,1
ALANIS,1
ALASKA,1
ALBATROZ,1
ALCATRAZ ESCAPADA IMPOSSIVEL 20  ESCAPE ROUTE,0
ALELI,0
ALEM DA MORTE,1
ALEM DAS MONTANHAS,1
ALEM DAS PALAVRAS,1
ALEM DO HOMEM,1
ALEX CAMERA 10,0
ALFA,1
ALGO DE NOVO,0
ALGUEM COMO EU,1
ALGUMA COISA ASSIM,0
ALIADOS,1
ALICE JUNIOR,1
ALIEN COVENANT,1
ALITA ANJO DE COMBATE,1
ALMA IMORAL,0
ALONG WITH THE GODS THE TWO WORLDS,1
ALTAS EXPECTATIVAS,0
ALUGASE UMA CASA COM TODOS OS INCONVENIENTES,0
ALVA,1
AMANDA,0
AMANHA,0
AMANHA CHEGOU,0
AMANTE POR UM DIA,0
AMANTES SAO MOLHADOS,0
AMASAN,0
AMAZING GRACE,0
AMAZONIA  O DESPERTAR DA FLORESTANIA,0
AMAZONIA GROOVE,0
AMAZONIA SOCIEDADE ANONIMA,0
AMBIENTE FAMILIAR,0
AMEACA PROFUNDA,1
AMIGO ARRIGO,0
AMIGOS ALIENIGENAS,1
AMIGOS PARA SEMPRE,1
AMIGOS VERDADEIROS,1
AMITYVILLE  O DESPERTAR,0
AMOK,0
AMOR A SEGUNDA VISTA,1
AMOR A TODA VELOCIDADE,1
AMOR ASSOMBRADO,1
AMOR ATE AS CINZAS,1
AMOR E DELINQUENCIA,0
AMOR EM JOGO,1
AMOR PARIS E CINEMA,0
AMORCOM,0
AMORES DE CHUMBO,0
AMUNDSEN O EXPLORADOR,0
ANA,0
ANA E VITORIA,0
ANAA,0
ANASTASIA,1
ANASTASIA THE ROYAL BALLET,0
ANDE COMIGO,1
ANDRE RIEU  VAMOS DANCAR,0
ANDRE RIEU AMORE  MY TRIBUTE TO LOVE,0
ANDREA CHENIER,0
ANDREY TARKOVSKY UMA ORACAO DE CINEMA,0
ANGEL VIANNA VOANDO COM OS PES NO CHAO,0
ANGRY BIRDS 2  O FILME,1
ANGUSTIA,1
ANIMA MUNDI PARA CRIANCAS,1
ANIMA MUNDI PARA CRIANCAS 2018,1
ANIMACAO EM CURSO 1  2019,0
ANIMACAO EM CURSO 2,0
ANIMACAO EM CURSO 2  2019,0
ANIMACAO EM CURSO 3,0
ANIMACAO EM CURSO 3  2019,0
ANIMACAO EM CURSO 4,0
ANIMACAO EM CURSO 5,0
ANIMAIS FANTASTICOS OS CRIMES DE GRINDELWALD,1
ANIMAL POLITICO,0
ANIMALDICOADOS,0
ANIMALDICOADOS 1,0
ANIMALDICOADOS 2,0
ANIMATERNA  CURTAS INFANTIL 2,0
ANIMATERNA  CURTAS INFANTIS 2,0
ANIMATERNA CURTAS INFANTIL 1,0
ANIMAZUL,0
ANIME NIGHT  HEAVENS LOST PROPERTY MOVIE,0
ANIME NIGHT  HETALIA AXIS POWERS PAINT IT WHITE,0
ANIME NIGHT  LUZES NO CEU,0
ANJOS VESTEM BRANCO,1
ANNA  O PERIGO TEM NOME,1
ANNA KARENINA  A HISTORIA DE VRONSKY,1
ANNABELLE 2 A CRIACAO DO MAL,1
ANNABELLE 3  DE VOLTA PARA CASA,1
ANOS 90,1
ANOS DOURADOS,0
ANOTHER DAY OF LIFE,0
ANTARTICA POR UM ANO,0
ANTES DO FIM,1
ANTES DO PORDOSOL,0
ANTES QUE EU ME ESQUECA,0
ANTES QUE EU VA,1
ANTES QUE TUDO DESAPARECA,1
ANTIPORNO,1
ANTOLOGIA DA CIDADE FANTASMA,0
ANTONIO UM DOIS TRES 2,0
AO CAIR DA NOITE,0
AO VIVO NA FRANCA,0
AOS NOSSOS FILHOS,0
AOS OLHOS DE ERNESTO,0
AOS TEUS OLHOS,0
APARECIDA  UM MUSICAL POR WALCYR CARRASCO,0
APENAS UM GAROTO EM NOVA YORK,1
APESAR DA NOITE,1
APRENDIZ DE ESPIA,1
APRESENTACAO ESPECIAL AARDMAN ANIMATIONS,0
APRESENTACAO ESPECIAL OSWALDO,0
AQUALOUCOS,0
AQUAMAN,1
AQUARELA,0
AQUELES QUE FICARAM,1
AQUI EM CASA TUDO BEM,0
AR SAGRADO,0
ARABIA,0
ARAGON PREPARA DE ENCONTRO COM A VIDA,1
ARAGON PREPARA DUAS DE MIM,1
ARAGON PREPARA PARIS PODE ESPERAR,1
ARGILA,0
ARLEQUINA EM AVES DE RAPINA,0
ARMAS NA MESA,0
ARRANHACEU CORAGEM SEM LIMITE,0
ART IN CINE JOIA I,1
ARTEL,0
ARTEL  O ANTIGO CEMITERIO JUDEU,0
ARTO LINDSAY 4D,1
ARVORES VERMELHAS,1
AS AVENTURAS AMOROSAS DE UM PADEIRO  HISTORIAS QUE NOSSO CINEMA NAO CONTAVA DEBATE,0
AS AVENTURAS DE FUJIWARA MANCHESTER,1
AS AVENTURAS DE OZZY,1
AS AVENTURAS DE TADEO,0
AS AVENTURAS DE TADEO 2  O SEGREDO DO REI MIDAS,0
AS AVENTURAS DO CAPITAO CUECA  O FILME,0
AS AVENTURAS EXTRAORDINARIAS DE MR WEST NA TERRA DOS BOLCHEVIQUES,0
AS BOAS MANEIRAS,0
AS CORES DA SERPENTE,0
AS DIABOLICAS,1
AS DUAS IRENES,0
AS ENTREVISTAS DE PUTIN,1
AS FALSAS CONFIDENCIAS,1
AS FILHAS DO FOGO,1
AS GOLPISTAS,1
AS HERDEIRAS,1
AS INESES,0
AS INVISIVEIS,1
AS IRMAS DE GION,1
AS LOUCURAS DE ROSE,0
AS MIL MULHERES  MOSTRA ESTREIAS CARIOCAS,0
AS MISANDRICAS,0
AS ONDAS,1
AS PANTERAS,1
AS PRIMEIRAS FERIAS NAO SE ESQUECE JAMAIS,0
AS RAINHAS DA TORCIDA,1
AS TRAPACEIRAS,1
AS VIUVAS,1
ASAKO I  II,1
ASPROMONTE  TERRA DOS ESQUECIDOS,0
ASSASSINATO NO EXPRESSO DO ORIENTE,0
ASSASSINS CREED,1
ASSIM E A VIDA,0
ASSUNTO DE FAMILIA,1
ASTERIX E O SEGREDO DA POCAO MAGICA,1
ATE LOGO MEU FILHO,0
ATE NUNCA MAIS,1
ATE O PROXIMO DOMINGO,0
ATE O ULTIMO HOMEM,1
ATENTADO AO HOTEL TAJ MAHAL,0
ATERRADOS,0
ATOMICA,0
ATRAS HA RELAMPAGOS,0
ATRAVES DE UM ESPELHO,0
ATRAVES DO FOGO,0
ATTACK ON TITAN,1
ATTACK ON TITAN FIM DO MUNDO,1
ATTILA,1
AULASEVENTO COM DODO AZEVEDO,0
AUTO DE RESISTENCIA,0
AUTOCRITICA DE UM CAO BURGUES,0
AVENTURA DOS BRINQUEDOS,0
AVENTURAS DOS BRINQUEDO,0
AVISEM QUE ESTAMOS CHEGANDO A HISTORIA DAS UNIVERSIDADES NEGRAS,0
AYKA,1
AYRTON SENNA  O MUSICAL,0
AZ,1
AZOUGUE NAZARE,1
AZYLLO MUITO LOUCO,1
BAARA  O TRABALHO,0
BABENCO  ALGUEM TEM QUE OUVIR O CORACAO E DIZER PAROU,0
BACURAU,0
BAD BOYS PARA SEMPRE,1
BAIKONUR TERRA,1
BALADA SANGRENTA,0
BALLET BOLSHOI  A BELA ADORMECIDA,0
BALLET BOLSHOI  O CORSARIO,0
BALLET BOLSHOI CARMEM E PETRUSHKA,0
BALLET BOLSHOI CARMEN SUITE  PETROUCHKA,0
BALLET BOLSHOI COPPELIA,0
BALLET BOLSHOI UM HEROI DO NOSSO TEMPO,0
BALLET BOLSHOI UMA NOITE CONTEMPORANEA,0
BANANA IS MY BUSINESS,1
BANDEIRA DE RETALHOS,0
BANDO UM FILME DE,0
BANG BANG,1
BANGLA,0
BANQUETE COUTINHO,0
BARBARA,0
BARKLEY,1
BARONESA,1
BARRABAS,0
BARRAGE,0
BARREIRAS,0
BARRETAO,0
BASEADO EM FATOS REAIS,0
BASED ON A TRUE STORY,1
BATALHAS INTIMAS,1
BATE CORACAO,0
BATMAN  O FILME 1989,1
BAYWATCH  SOS MALIBU,1
BE NATURAL A HISTORIA NAO CONTADA DA PRIMEIRA CINEASTA DO MUNDO,1
BEIJO DE SAL  LAURA,0
BELEZA OCULTA,0
BELLINI PREPARA DE ENCONTRO COM A VIDA,0
BELLINI PREPARA SOB O SOL DA TOSCANA,0
BELMONTE,1
BELO MONTE  UM MUNDO ONDE TUDO E POSSIVEL,0
BEMVINDO A ALEMANHA,0
BENZINHO,0
BERENICE,0
BERENICE PROCURA,0
BERGMAN  100 ANOS,1
BERLIMJERUSALEM,0
BERTHE MORISOT,1
BETTY THEY SAY IM DIFFERENT,1
BEUYS,1
BIG PAI BIG FILHO,1
BIMI SHU YKAYA,1
BINGO O REI DAS MANHAS,0
BIO  CONSTRUINDO UMA VIDA,0
BISBEE 17,1
BISTROT PARIGI PREPARA COMO SE FOSSE A PRIMEIRA VEZ,1
BISTROT PARIGI PREPARA ENCONTRO DE CASAIS,1
BIXA TRAVESTY,1
BLACK SABBATH  THE END OF THE END,1
BLADE RUNNER 2049,1
BLITZ O FILME,1
BLOODSHOT,1
BLOQUEIO,0
BLOQUEIO BLOKADA,0
BLUE NOTE IT MUST SCHWING,0
BO,0
BOAS INTENCOES,1
BOB O JOGADOR,0
BOCA DE OURO,0
BOCA DE OURO 1963,0
BOHEMIAN RHAPSODY,0
BOLSHOI BALLET THE SLEEPING BEAUTY,0
BOM COMPORTAMENTO,0
BOMBASTICA A HISTORIA DE HEDY LAMARR,0
BONECO DE NEVE,1
BONIFACIO  O FUNDADOR DO BRASIL,0
BONNIE BEARS  AVENTURA EM MINIATURA,0
BORA RIR  STAND UP COMEDY  ITABORAI 1402,0
BORA RIR  STAND UP COMEDY  RECREIO,0
BORDER,1
BORG VS MCENROE,1
BORIS GODUNOV,1
BORRASCA,0
BOSQUE DE NEVOA,1
BRANCA COMO A NEVE,1
BRANCO  PRATA,1
BRASILIA 18,0
BRAVESTORM,1
BRAWL IN CELL BLOCK 99,1
BRAZ TRATTORIA PREPARA SEM RESERVAS,1
BREVE HISTORIA DO PLANETA VERDE,0
BREVE MIRAGEM DE SOL,0
BRIGHTBURN  FILHO DAS TREVAS,1
BRIGSBY BEAR,1
BRINCANDO COM FOGO,0
BRINQUEDO ASSASSINO,0
BRINQUEDO ASSASSINO 1988,0
BROOKLYN  SEM PAI NEM MAE,1
BTS  BRING THE SOUL THE MOVIE,0
BTS  BURN THE STAGE THE MOVIE,0
BTS WORLD TOUR LOVE YOURSELF IN SEOUL,0
BUDDIES,1
BUGIGANGUE NO ESPACO,1
BULBUL PODE CANTAR,1
BUMBLEBEE,1
BUNGO STRAY DOGS DEAD APPLE,1
BUNUEL EN EL LABERINTO DE LAS TORTUGAS,1
BUSCANDO,0
BYE BYE ALEMANHA,0
BYE BYE BRASIL,0
BYE BYE JAQUELINE,0
CACHORROS,0
CADA VEZ MAIS LONGE,0
CADAVER,0
CADAVERES BRONZEADOS,0
CADE VOCE BERNADETTE,0
CAES DE ALUGUEL,0
CAES DO ESPACO,0
CAFARNAUM,0
CAFE COM CANELA,0
CAFE UM DEDO DE PROSA,0
CALLADO,0
CALMARIA,0
CAMARA DE ESPELHOS,0
CAMINHO DO MAR,1
CAMINHOS CRUZADOS,1
CAMINHOS MAGNETYKOS,0
CAMOCIM,0
CAMPEONATO SERIE C 2017  TOMBENSE X CSA,0
CAMPO,0
CANCAO SEM NOME,0
CANDEIA,0
CANIBAIS ASSASSINOS  ESFAQUEADORES,0
CANO SERRADO,0
CANTANDO COM BOHEMIAN RHAPSODY,0
CAO DE GUARDA,1
CAPITA MARVEL,1
CAPITAO MORTEN E A RAINHA ARANHA,1
CARAVAGGIO  A ALMA E O SANGUE,1
CARCEREIROS  O FILME,0
CARLINHOS E CARLAO,0
CARMEN  INSTITUTO MOREIRA SALLES,0
CARMEN  LOLA,0
CARNAVAL ATLANTIDA,0
CARNIVORAS,1
CAROLE ROUSSOPOULOS UMA MULHER A FRENTE DA CAMERA,0
CAROLINA EM OUTRAS FACES,0
CARROS 3,1
CARTA BRANCA  ISMAIL XAVIER  UM CORPO QUE CAI,0
CARTA DE AMOR A ZULU,0
CARTA PARA ALEM DOS MUROS,0
CARTA REGISTRADA,0
CARTAS PARA UM LADRAO DE LIVROS,1
CARTEIRO,1
CARTOON APRESENTA TURMA DA MONICA,0
CARVANA,1
CASA GRANDE E SENZALA 1 PARTE,0
CASA GRANDE E SENZALA 2 PARTE,0
CASA RAVIOLI PREPARA A 100 PASSOS DE UM SONHO,0
CASA RAVIOLI PREPARA UMA DOCE DISPUTA,0
CASA ROSHELL,1
CASAL IMPROVAVEL,1
CASTELO DE SONHOS,0
CATS,0
CATS  APRESENTACAO DE DANCA E MUSICA AO VIVO,0
CAVALOS NA JANELA,0
CAVALOS ROUBADOS,0
CDZ  ALMA DE OURO EPS 01 AO 06,0
CDZ  ALMA DE OURO EPS 07 AO 13,0
CEMITERIO MALDITO,1
CEMITERIO MALDITO 1989,1
CENTAURO,0
CENTRAL DO BRASIL,0
CEZANNE E EU,0
CHA COM AS DAMAS,1
CHACRINHA  O VELHO GUERREIRO,0
CHAO,1
CHAPLIN,1
CHATEAU,0
CHATEAU  PARIS,0
CHEFES DE SALAS DE ROTEIRO  BRPLOT,0
CHEGA DE FIU FIU,0
CHEZ JOLIE COIFFUER,0
CHICUAROTES,0
CHOCANTE,0
CHORAO MARGINAL ALADO,0
CHORAR DE RIR,0
CHRISTOPHER ROBIN  UM REENCONTRO INESQUECIVEL,1
CHURCHILL,1
CHUVA E CANTORIA NA ALDEIA DOS MORTOS,1
CICATRIZES,1
CICCIOLINA  MADRINHA DO ESCANDALO,0
CIDADAO K,1
CIDADE DE FANTASMAS  FESTIVAL E TUDO VERDADE,0
CIDADE INVISIVEL,1
CIDADES FANTASMAS,1
CIGANOS DA CIAMBRA,0
CINDERELA,1
CINDERELA E O PRINCIPE SECRETO,1
CINDERELA POP,0
CINE ACADEMIA NPS,0
CINE CARTOON  ESPECIAL JOVENS HEROIS,1
CINE CARTOON  ESPECIAL OSWALDO,0
CINE CARTOON  IRMAO DO JOREL  ESPECIAL ALUCINANTE,0
CINE COREIA,0
CINE HOLLIUDY 2  A CHIBATA SIDERAL,0
CINE NOS DO MORRO,0
CINEASTAS DO NOSSO TEMPO SOULEYMANE CISSE  CURTAS,0
CINECLUBE LGBT  15 ANOS MENINAS MALVADAS,1
CINECLUBE LGBT  20 ANOS DE SEGUNDAS INTENCOES,1
CINECLUBE LGBT ELVIRA  PERFORMANCE,1
CINECLUBE LGBT GLEE 10 ANOS,1
CINECLUBE SINGALONG CHICAGO,1
CINECLUBE WALTER DA SILVEIRA,0
CINECLUBELGBT IS BURNING FILME PERFOMANCE E MINI BALL,1
CINECOMEDY  FESTIVAL DE HUMOR HAHAHA,0
CINECOMEDY  LEANDRO PORTIOLLI,0
CINECOMEDY  MORUMBI,0
CINECOMEDY  NEM TALENTO TEM,0
CINECOMEDY LONDRINA,0
CINECOMEDY RODRIGO CACERES,0
CINEJORNAL,0
CINEMA ASPIRINAS E URUBUS,0
CINQUENTA PRIMAVERAS,0
CINQUENTA TONS DE LIBERDADE,1
CINQUENTA TONS MAIS ESCUROS,1
CIRCULO DE FOGO,1
CIRCULO DE FOGO A REVOLTA,1
CIRCULO SINISTRO,1
CLARA ESTRELA,1
CLASH,1
CLASSICOS 2018 INTRIGA INTERNACIONAL,0
CLASSICOS DO CINEMA IV,0
CLASSICOS DO CINEMA VI,0
CLASSICOS DO CINEMA VII,0
CLAUSURA,0
CLEMENTINA,0
CLEO  SE EU PUDESSE VOLTAR NO TEMPO,0
CLIMAX,1
CLUBE TRISTEZA,0
COCO BAMBU PREPARA COMER REZAR AMAR,0
COCO BAMBU PREPARA ENCONTRO DE CASAIS,0
COCO BAMBU PREPARA MADAME,0
COCO BAMBU PREPARA SIMPLESMENTE COMPLICADO,0
COLDPLAY A HEAD FULL OF DREAMS,1
COLETTE,0
COLHEITA AMARGA,0
COLO,0
COLOSSAL,0
COLUMBUS,0
COM AMOR SIMON,1
COM AMOR VAN GOGH  O SONHO IMPOSSIVEL,1
COMER REZAR AMAR,1
COMER REZAR AMAR  CAMPINAS,0
COMO E CRUEL VIVER ASSIM,0
COMO ELIMINAR SEU CHEFE,1
COMO ERA GOSTOSO O MEU FRANCES,0
COMO FOTOGRAFEI OS YANOMAMI,0
COMO NOSSOS PAIS,1
COMO SE TORNAR O PIOR ALUNO DA ESCOLA,1
COMO SE TORNAR UM CONQUISTADOR,1
COMO TREINAR O SEU DRAGAO 3,1
COMO UM GATO MARGINAL,0
COMO VOCE ME VE,1
COMPETITIVA BAIANA I,0
COMPETITIVA BAIANA II,0
COMPETITIVA BAIANA III,0
COMPETITIVA BAIANA VI,0
COMPETITIVA BAIANA VIII,0
COMPETITIVA NACIONAL I,0
COMPETITIVA NACIONAL II,0
COMPETITIVA NACIONAL III,0
COMPETITIVA NACIONAL V,0
COMPETITIVA NACIONAL VIII,0
COMPRAME UM REVOLVER,0
CONFIDENCIAS DE HOLLYWOOD,1
CONQUISTAR AMAR E VIVER INTENSAMENTE,1
CONSTRUINDO PONTES,1
CONTATOS IMEDIATOS DO TERCEIRO GRAU,0
CONTOS DA BIRMANIA,1
CONTOS DA LUA VAGA,1
CONVERSA FIADA,0
COPA 181,0
COPA DO BRASIL  SANTOS X FLAMENGO,0
COPA DO BRASIL 2017  CRUZEIRO X FLAMENGO  TORCIDA CRUZEIRO,0
COPA DO BRASIL 2017  CRUZEIRO X FLAMENGO  TORCIDA FLAMENGO,0
COPA DO BRASIL 2017  TORCIDA BOTAFOGO FLAMENGO X BOTAFOGO,0
COPA DO BRASIL 2017  TORCIDA CRUZEIRO CRUZEIRO X GREMIO,0
COPA DO BRASIL 2017  TORCIDA FLAMENGO FLAMENGO X BOTAFOGO,0
COPA DO BRASIL 2017  TORCIDA GREMIO CRUZEIRO X GREMIO,0
COPA DO BRASIL 2018  TORCIDA CORINTHIANS,0
COPA DO BRASIL 2018  TORCIDA CRUZEIRO,0
COPA DO BRASIL 2018  TORCIDA FLAMENGO,0
COPA DO MUNDO DA FIFA RUSSIA 2018,0
COPACABANA ME ENGANA,0
COPIAS  DE VOLTA A VIDA,0
CORA CORALINA  TODAS AS VIDAS,0
CORACAO DE COWBOY,1
CORACAO DE ESPINHO,1
CORACAO DE MEZQUITE,1
CORACAO E ALMA,1
CORACAO SELVAGEM,1
CORACAO VALENTE,1
CORAGEM  AS MUITAS VIDAS DE DOM PAULO EVARISTO ARNS,0
CORGI  TOP DOG,1
CORINGA,1
CORNICHE KENNEDY,1
CORPO DELITO,0
CORPO E ALMA,0
CORPO ELETRICO,0
CORRA,0
CORRA LOLA CORRA,0
CORRENDO ATRAS,1
CORRENDO ATRAS 2012,1
CORRENDO ATRAS DE UM PAI,1
CORUMBIARA,0
COVIL DE LADROES,1
CRAMULHAO,0
CRANIOS DO MEU POVO,0
CRAZY,1
CREED II,1
CREPUSCULO DAS FELINAS,0
CRIME SEM SAIDA,1
CRIMES EM HAPPYTIME,1
CRIMES OBSCUROS,1
CRISALIDA  O FILME,0
CRISANTEMOS TARDIOS,0
CRO EM FAMILIA,0
CROMOSSOMO 21 O FILME,0
CROSSROADS  O DIGITAL EXPLOSIVO INEVITAVEL,0
CROWN HEIGHTS,0
CULPA,1
CUNNINGHAM,1
CURTAS  PROJECOES 2017,0
CURTAS  VIAGENS AO ESPACO EXTRATERRESTRE,0
CURTAS 02,0
CURTAS 1,0
CURTAS 1  2019,0
CURTAS 10,0
CURTAS 10  2019,0
CURTAS 11  2019,0
CURTAS 14,0
CURTAS 2,0
CURTAS 2  2019,0
CURTAS 3  2019,0
CURTAS 4,0
CURTAS 4  2019,0
CURTAS 4  GENERO E SEXUALIDADE,0
CURTAS 5,0
CURTAS 5  2019,0
CURTAS 5  GENERO E SEXUALIDADE,0
CURTAS 6,0
CURTAS 6  2019,0
CURTAS 6  GENERO E SEXUALIDADE,0
CURTAS 7,0
CURTAS 7  2019,0
CURTAS 8  2019,0
CURTAS 9,0
CURTAS 9  2019,0
CURTAS CARIOCA,0
CURTAS CARIOCAS,0
CURTAS CLASSICOS NACIONAIS  ANIMATIBA,0
CURTAS DO MUNDO 1  ANIMATIBA,0
CURTAS DO MUNDO 2  ANIMATIBA,0
CURTAS INFANTIL 3,0
CURTAS INFANTIL 7,0
CURTAS INFANTIS 1,0
CURTAS INFANTIS 1  2019,0
CURTAS INFANTIS 2,0
CURTAS INFANTIS 2  2019,0
CURTAS INFANTIS 3,0
CURTAS INFANTIS 3  2019,0
CURTAS INFANTIS 4,0
CURTAS INFANTIS 4  2019,0
CURTAS INFANTIS 5,0
CURTAS INFANTIS 7,0
CURTAS PRATA DA CASA  ANIMATIBA,0
CURTAS SUICOS,0
CURTAS TERROR,0
CURTASMETRAGENS DE BARBARA WAGNER E BENJAMIN DE BURCA,0
CUSTODIA,1
CYRANO DE BERGERAC  O CLASSICO,0
CYRANO MON AMOUR,0
DAFNE,1
DALIDA,0
DANADO DE BOM,0
DANI GURGEL NELSON  AYRES BIG BAND,0
DAPHNE,0
DAVID GILMOUR LIVE AT POMPEII,0
DE CANCAO EM CANCAO,1
DE CARONA PARA O AMOR,1
DE ENCONTRO COM A VIDA,1
DE PEITO ABERTO,1
DE PERNAS PRO AR 3,0
DE QUEM E O SUTIA,1
DE REPENTE UMA FAMILIA,1
DE VOLTA,1
DE VOLTA PARA CASA,1
DEADPOOL 2,1
DEATH NOTE ILUMINANDO UM NOVO MUNDO,0
DEDO NA FERIDA,0
DEIXE A LUZ DO SOL ENTRAR,0
DEMOLICAO,1
DENTE DE LEITE,0
DEPECHE MODE SPIRITS IN THE FOREST,0
DEPOIS A LOUCA SOU EU,0
DEPOIS DA GUERRA,1
DEPOIS DAQUELA MONTANHA,1
DEPOIS DO CASAMENTO,1
DESAFIO DE UM CAMPEAO,1
DESCULPA QUALQUER COISA  COMEDIA STAND UP,0
DESEJO DE MATAR,1
DESLEMBRO,1
DESMOND E A ARMADILHA DO MONSTRO DO BREJO,1
DESOBEDIENCIA,1
DESPEDIDA EM GRANDE ESTILO,1
DETETIVES DO PREDIO AZUL 2,0
DETROIT EM REBELIAO,1
DEUS AUSENTE IMS,0
DEUS E MULHER E SEU NOME E PETUNIA,0
DEUS EXISTE E SEU NOME E PETUNIA,0
DEUS NAO ESTA MORTO UMA LUZ NA ESCURIDAO,0
DEVORAR,0
DEZ ANOS TAILANDIA,0
DIA DA VITORIA,0
DIAMANTINO,0
DIARIO DE UM BANANA CAINDO NA ESTRADA,0
DIARIO REVISITADO 19901999 PARTE 3 VOLTA AO BRASIL,0
DIARIOS DE CLASSE,1
DIAS VAZIOS,1
DIEGO MARADONA,0
DILILI EM PARIS,0
DIMINUTA,0
DINA,0
DIRECOES,0
DIRTY DANCING  RITMO QUENTE,1
DISCREET,0
DISFORIA,0
DISTORCAO,0
DIVA,0
DIVA EXPERIMENTAL,0
DIVALDO  O MENSAGEIRO DA PAZ,0
DIVINO AMOR,0
DIVORCIO,0
DIZ A ELA QUE ME VIU CHORAR,0
DJON AFRICA,0
DO JEITO QUE ELAS QUEREM,1
DO MEU TAMANHO,1
DO TRACO AO PIXEL  TEMPOS MODERNOS,0
DOBRADINHA ANTONY HICKLING,0
DOCE ENTARDECER NA TOSCANA,0
DOCE VIRGINIA,0
DOENTES DE AMOR,0
DOGMAN,1
DOIDAS E SANTAS,1
DOIDOS DE PEDRA,1
DOIS IRMAOS  UMA JORNADA FANTASTICA,1
DOIS PAPAS,0
DOLITTLE,1
DOM CARLOS,0
DOMINACAO,1
DOMINGO,0
DOMINGO E DIA DE CINEMA  INFILTRADO NA KLAN,0
DON GIOVANNI,0
DON GIOVANNI  OPERA,0
DONA FLOR E SEUS DOIS MARIDOS,0
DONBASS,0
DONNIE DARKO,0
DOR E GLORIA,0
DORA E A CIDADE PERDIDA,0
DOUTOR SONO,1
DOVLATOV,0
DOWNTON ABBEY  O FILME,0
DPA  DETETIVES DO PREDIO AZUL,0
DRAGON BALL SUPER BROLY  O FILME,0
DU,0
DUAS COROAS A HISTORIA DE SAO MAXIMILIANO KOLBE,0
DUAS DE MIM,1
DUAS GAROTAS ROMANTICAS,0
DUAS OU TRES COISAS QUE EU SEI DELA,0
DUDA E OS GNOMOS,0
DUMBO,1
DUNKIRK,0
DUPLA EXPLOSIVA,1
DURO DE MATAR,1
DURO DE MATAR UM BOM DIA PARA MORRER,1
E AGORA A MAMAE SAIU DE FERIAS,1
E EM CADA LENTILHA UM DEUS,0
E ENTAO NOS DANCAMOS,0
E SE VIVESSEMOS TODOS JUNTOS,0
E TUDO VERDADE,0
EARTH ONE AMAZING DAY,1
EAT YOUR BONES,1
EATALY PREPARA AMOR EM LITTLE ITALY,1
EATALY PREPARA PEGANDO FOGO,1
EATALY PREPARA SOB O SOL DA TOSCANA,1
ECHOES OF FEAR,1
EDUARDO II,0
EGON SCHIELE  MORTE E DONZELA,1
EL JUSTICIERO,0
EL MOTOARREBATADOR,0
EL PEPE UMA VIDA SUPREMA,0
EL ULTIMO PAIS,0
ELA DISSE ELE DISSE,0
ELEGIA DE UM CRIME,0
ELEICOES,0
ELES LUTARAM PELA PATRIA,0
ELES NAO USAM BLACKTIE,0
ELES SO USAM BLACK TIE,0
ELES VIVEM,0
ELIGIA DE OSAKA,0
ELLA E JOHN,0
ELVIS 68 COMEBACK  SPECIAL EDITION,0
EM 97 ERA ASSIM,0
EM BOAS MAOS,1
EM BUSCA DA VITORIA,1
EM BUSCA DE FELLINI,0
EM BUSCA DE VINGANCA,1
EM CHAMAS,1
EM DEFESA DE CRISTO,0
EM GUERRA,1
EM GUERRA POR AMOR,1
EM NOME DA AMERICA,1
EM PEDACOS,1
EM RITMO DE FUGA,1
EM TRANSITO,1
EM UM MUNDO INTERIOR,0
EMMA E AS CORES DA VIDA,0
EMOJI  O FILME,0
ENCANTADO,1
ENCARCERADOS,0
ENCERRAMENTO CINEMA NEGRO ZOZIMO BULBUL  10 ANOS,0
ENCOLHI A PROFESSORA,0
ENCONTRO COM HOMENS NOTAVEIS,0
ENCONTRO DE HOMENS NOTAVEIS,0
ENCONTROS,0
ENCRIPTADO,0
ENFIM SOS  PEDACOS  O ANIMAL CORDIAL,0
ENQUANTO ESTAMOS AQUI,1
ENSIRIADOS,0
ENTARDECER,1
ENTRE A CRUZ E A FELICIDADE,0
ENTRE FACAS E SEGREDOS,0
ENTRE IRMAS,0
ENTRE LUZ E SOMBRAS  BRUCE CONNER,1
ENTRE TEMPOS,1
ENTRELACOS,1
ENTREVISTA COM DEUS,0
EQUIVALENCIAS APRENDER VIVENDO,0
ERA UMA VEZ EM HOLLYWOOD,1
ERA UMA VEZ UM DEADPOOL,1
ESCAPE ROOM,1
ESCOBAR  A TRAICAO,0
ESCOLA DA MAGIA  ESCAPE ROUTE,1
ESCOLA DE COELHOS,0
ESPECIAL DE NATAL DOCTOR WHO,0
ESPECIAL DOCTOR WHO,1
ESPECIAL TURMA DA MONICA JOVEM  CINE CARTOON,0
ESPERO TUA REVOLTA,0
ESPIRITO DE CONTRADICAO,0
ESPIRITO JOVEM,1
ESPIRITO VIVENTE,1
ESPLENDOR,1
ESTA E A SUA MORTE  O SHOW,0
ESTACAO DO DIABO,1
ESTACAO QUEER  LUANA MUNIZ FILHA DA LUA,0
ESTACAO QUEER  SO CURTAS,0
ESTADO DE EXCECAO,0
ESTAMOS VIVOS,0
ESTAREMOS SEMPRE JUNTOS,1
ESTAS ME MATANDO SUZANA,0
ESTEROS,0
ESTOU ME GUARDANDO PARA QUANDO O CARNAVAL CHEGAR,0
ESTRADA DE SONHOS,1
ESTRANHO NAS DUNAS,0
ESTRELAS ALEM DO TEMPO,1
ESTRELAS DE CINEMA NUNCA MORREM,1
ETHEL E ERNEST,1
EU ACREDITO,0
EU FICO LOKO,0
EU NAO SOU SEU NEGRO,0
EU NAO SOU UMA BRUXA,0
EU NAO SOU UMA FEITICEIRA,0
EU PECADOR,0
EU SINTO MUITO,0
EU SO POSSO IMAGINAR,0
EU SOU BRASILEIRO,0
EU SOU MAIS EU,1
EU SOU TEMPESTA,0
EU TE LEVO,0
EU TONYA,0
EUFORIA,1
EVA NAO DORME,0
EVENING SHADOWS,1
EVVAI PREPARA CHEF,0
EX LIBRIS BIBLIOTECA PUBLICA DE NOVA YORK,1
EXCELENTISSIMOS,0
EXORCISMOS E DEMONIOS,1
EXPAJE,0
EXPERIENCIAS EXPERIMENTAIS,0
EXTRAORDINARIO,1
EXU REI  ABDIAS DO NASCIMENTO,0
FABBRICA RISTORANTE PREPARA MULHER MARAVILHA,0
FABRICA,0
FACA NO CORACAO,0
FACES DE UMA MULHER,1
FALA SERIO MAE,0
FALSTAFF,0
FAMILIA,0
FAMILIA SUBMERSA,0
FAMILY ROMANCE LTDA,0
FANNY E ALEXANDER,0
FANTASMAS  FICCAO CIENTIFICA DE HORROR  FREAKS,1
FANTASMAS E FICCAO CIENTIFICA DE HORROR,1
FANTASTICA UMA AVENTURA NO MUNDO BOONIE BEARS,1
FATIMA O ULTIMO MISTERIO,0
FAVELA E MODA,0
FAZENDO O PAPEL  LICOES DE HISTORIA,0
FE E FURIA,0
FEITICO DO TEMPO,0
FEITO NA AMERICA,1
FELIZ ANIVERSARIO,0
FENIX,1
FERNANDO,0
FERRANTE FEVER,0
FERRUGEM,0
FESTIM DIABOLICO,0
FESTIVAL 25 ANOS  FRIENDS  PARTE 1,0
FESTIVAL 25 ANOS  FRIENDS  PARTE 2,0
FESTIVAL 25 ANOS  FRIENDS  PARTE 3,0
FESTIVAL 25 ANOS DE FRIENDS BLOCO 1,0
FESTIVAL 25 ANOS DE FRIENDS BLOCO 2,0
FESTIVAL 25 ANOS DE FRIENDS BLOCO 3,0
FESTIVAL DE OPERA NA TELA  DON PASQUALE,0
FESTIVAL DE OPERA NA TELA  FAUSTO,0
FESTIVAL DE OPERA NA TELA  LUCIA DE LAMMERMOOR,0
FESTIVAL FAM  14 ENTRADAS,0
FESTIVAL FAM  7 ENTRADAS,0
FESTIVAL FAM  CREDENCIAL,0
FESTIVAL JEDICON 20 ANOS  EPISODIO 1,0
FESTIVAL JEDICON 20 ANOS  EPISODIO 2,0
FESTIVAL JEDICON 20 ANOS  EPISODIO 3,0
FESTIVAL JEDICON 20 ANOS  EPISODIO 4,0
FESTIVAL JEDICON 20 ANOS  EPISODIO 5,0
FESTIVAL JEDICON 20 ANOS  EPISODIO 6,0
FESTIVAL JEDICON 20 ANOS  EPISODIO 7,0
FESTIVAL JEDICON 20 ANOS  EPISODIO 8,0
FESTIVAL JEDICON 20 ANOS  ROGUE ONE,0
FESTIVAL OPERA NA TELA  SANSAO E DALILA,0
FEVEREIROS,0
FICI 2019  8X ANIMACAO  ESPECIAL SERIES BRASILEIRAS,0
FICI 2019  DETETIVES DO PREDIO AZUL 2,0
FICI 2019  ENCRENCA EM DOSE DUPLA,0
FICI 2019  LUCCAS NETO EM ACAMPAMENTO DE FERIAS,0
FICI 2019  OSMAR A PRIMEIRA FATIA DO PAO DE FORMA,0
FICI 2019  TURMA DA MONICA  A PRINCESA E O ROBO,0
FILHAS DO SOL,1
FILHOS DA DINAMARCA,0
FILMAGEM NO INVERNO,0
FILME  66,0
FILME ENSAIO,0
FILME PAISAGEM UM OLHAR SOBRE ROBERTO BURLE MARX,0
FIM DE FESTA,0
FINAL  LIGA DOS YOUTUBERS,0
FINAL 1Âª ETAPA CBLOL 2018,0
FINAL 2Âº SPLIT CBLOL 2018,0
FINAL DA 1Â° ETAPA DO CBLOL 2017,0
FINAL DA 2Âª ETAPA DO CBLOL 2017,0
FINAL DA COPA LIBERTADORES  2019,0
FINAL DA UEFA CHAMPIONS LEAGUE 2017,0
FINAL DA UEFA CHAMPIONS LEAGUE 2018,0
FINAL DA UEFA CHAMPIONS LEAGUE 2019,0
FINAL MUNDIAL DA LEAGUE OF LEAGENDS 2017,0
FINAL MUNDIAL DE LEAGUE OF LEGENDS 2019,0
FINALMENTE LIVRES,1
FINDING JOSEF,1
FINYE  O VENTO,1
FLASHDANCE  EM RITMO DE EMBALO,1
FLORES DO CARCERE,1
FLORESTA PARA AS ARVORES,0
FOGO CONTRA FOGO,1
FOME DE AMOR,1
FOME DE PODER,1
FONTE DA JUVENTUDE,0
FONTE DA VIDA,0
FORA DE SERIE,1
FORD VS FERRARI,1
FORO INTIMO,0
FORTALEZA E CSA,0
FORTUNATA,0
FOTOGRAFACAO,0
FOTOGRAFANDO A MAFIA,0
FOTOKINO  MUITO ROMANTICO,0
FOUCAULT CONTRA SI MESMO,0
FOURTEEN,1
FRAGMENTADO,1
FRAMED,0
FRANCOIS TRUFFAUT UMA AUTOBIOGRAFIA,0
FRANKIE,1
FRANS KRAJCBERG MANIFESTO,0
FRANTZ,1
FREAKS E ASSASSINOS,1
FRIEDKIN UNCUT,0
FROST,0
FROZEN 2,1
FUGA,1
FUGA PARA A VITORIA,1
FUNERAL DE ESTADO,0
FURIA EM ALTO MAR,0
FURUSATO,0
FUTEBOL INFINITO,0
GABEIRA,0
GABRIEL E A MONTANHA,0
GABRIELLE  MOSTRA QUEBEC,0
GABY ESTRELLA,0
GAME GIRLS,1
GANGA BRUTA,0
GAROTA INTERROMPIDA,0
GAROTO COSMICO,1
GAROTO FANTASMA,0
GARRINCHA ALEGRIA DO POVO,0
GATAO DE MEIA IDADE,0
GATO DE BOTAS,1
GATOS,0
GAUGUIN  VIAGEM AO TAITI,0
GENDERBENDE,0
GENEROS NARRATIVOS  BRPLOT,0
GEOGRAFIA DA ARTE,0
GHASHIRAM KOTWAL,0
GILBERTO GIL ANTOLOGIA VOL1,0
GILDA BRASILEIRO  CONTRA O ESQUECIMENTO,0
GIORGIO MORODER PRESENTS METROPOLIS,0
GLORIA BELL,0
GNOMEU E JULIETA  O MISTERIO DO JARDIM,0
GODS OWN COUNTRY,1
GODZILLA II  REI DOS MONSTROS,1
GOLDEN EXITS,1
GOOSEBUMPS 2 HALLOWEEN ASSOMBRADO,1
GORILLAZ REJECT FALSE ICONS,1
GOSTO SE DISCUTE,0
GOSTOSAS LINDAS E SEXIES,0
GRACAS A DEUS,0
GRACE JONES BLOODLIGHT AND BAMI,0
GRANDE PREMIO DO CINEMA BR  CHACRINHA,0
GRANDE PREMIO DO CINEMA BR  MY NAME IS NOW,0
GRASS,0
GREEN BOOK  O GUIA,1
GRETA,1
GREY GARDENS,1
GRINGO  VIVO OU MORTO,0
GUARDIOES DA GALAXIA VOL 2,1
GUARNIERI,1
GUAXUMA E OUTRAS HISTORIAS,1
GUERRA CONJUGAL,0
GUERRA DE ALGODAO,0
GUERRA FRIA,1
GUIGO OFFLINECASA DA XICLET,0
GUNNEL OUT OF THE SILENCE,0
GUTTERBALLS,0
HAL ASHBY,1
HALITO AZUL,0
HALLOWEEN,1
HALLOWEEN A NOITE DO TERROR,1
HAN SOLO UMA HISTORIA STAR WARS,1
HANNAH,1
HAPPY HOUR  VERDADES E CONSEQUENCIAS,0
HARE KRISHNA  O MANTRA O MOVIMENTO E O SWAMI QUE COMECOU TUDO,0
HEAD BURST,1
HEAR ME MOVE,1
HEBE  A ESTRELA DO BRASIL,0
HEDWIG ROCK AMOR E TRAICAO,1
HELL CARIOCA,0
HELLBOY,1
HEMA HEMA CANTE PARA MIM ENQUANTO EU ESPERO,0
HENFIL,1
HERCULES  1997,1
HEREDITARIO,0
HEROIS,1
HEROIS NUNCA MORREM,1
HIBRIDOS  OS ESPIRITOS DO BRASIL,0
HIENAS,0
HILDA HILST PEDE CONTATO,0
HISTORIA AMERICANA  BRUCE CONNER,0
HISTORIA DE TAIPEI,0
HISTORIA IMORTAL,0
HISTORIAS ASSUSTADORAS PARA CONTAR NO ESCURO,0
HISTORIAS CURTAS,0
HISTORIAS DE AMOR,0
HISTORIAS DE AMOR QUE NAO PERTENCEM A ESTE MUNDO,0
HISTORIAS DE ESTOCOLMO,0
HISTORIAS DO BOSQUE DE CASTANHAS,0
HISTORIAS ESTRANHAS,0
HISTORIAS PRECIOSAS,0
HISTORIAS QUE NOSSO CINEMA NAO CONTAVA,0
HISTORIAS QUE SO EXISTEM QUANDO LEMBRADAS,0
HISTORIETAS ASSOMBRADAS  O FILME,0
HOCHELAGA TERRA DAS ALMAS  MOSTRA QUEBEC,0
HOFFMANIADA  ANIMATIBA,0
HOJE,1
HOLOCAUSTO CANIBAL,1
HOMEM LIVRE,1
HOMEMARANHA DE VOLTA AO LAR,1
HOMEMARANHA LONGE DE CASA,1
HOMEMARANHA NO ARANHAVERSO,1
HOMEMFORMIGA E A VESPA,1
HONEY BOY,1
HONEYLAND,1
HORACIO,0
HORIZONTE BONITO,0
HOTEL ARTEMIS,1
HOTEL TRANSILVANIA 3 FERIAS MONSTRUOSAS,1
HOW TO TALK TO GIRLS AT PARTIES,1
HULDRA  SENHORA DA FLORESTA,0
HUMAN FLOW NAO EXISTE LAR SE NAO HA PARA ONDE IR,0
HUMANPERSONS,0
HUMBERTO MAURO,0
IEC LONG,1
ILHA,1
ILHA 2018,1
ILHA DOS CACHORROS,0
IMAGEM E PALAVRA,0
IMAGENS DO ESTADO NOVO  193745,0
IMAGINE,0
IMPREVISTOS DE UMA NOITE EM PARIS,0
INCENDIOS  MOSTRA QUEBEC,0
INCENDIOS  PSICANALISE  CINEMA,0
INDIANA JONES E O TEMPLO DA PERDICAO,1
INDIANARA,0
INEZITA,0
INFANTIL  ENCONTRO DE CINEMA NEGRO ZOZIMO BULBUL  10 ANOS,0
INFERNINHO,0
INFILTRADO NA KLAN,0
INOCENCIA DAS MEMORIAS IMS,0
INOCENCIA ROUBADA,0
INSEPARAVEIS,0
INSTINTO,0
INSUBSTITUIVEL,0
INTERNET  O FILME,0
INTERVENCAO,0
INTIMIDADE ENTRE ESTRANHOS,0
INTRUSO,1
INUMANOS,0
INVADINDO BERGMAN,0
INVASAO AO SERVICO SECRETO,0
INVESTIGANDO O PARAISO,0
INVISIVEL,1
IRAN,0
IRREPREENSIVEL,0
ISTO NAO E UM ASSALTO,0
IT  A COISA,1
IT  CAPITULO 2,1
JACKIE BROWN,1
JAM SESSION  MEUS FILMES ABANDONADOS,0
JAMIES ITALIAN PREPARA O SABOR DA PAIXAO,0
JAMIES ITALIAN PREPARA UMA DOCE DISPUTA,0
JANE,1
JEANNE DIELMAN,0
JEANNETTE A INFANCIA DE JOANA DARC,0
JESUS DE NAZARE  O FILHO DE DEUS,0
JEXI UM CELULAR SEM FILTRO,0
JOANA DARC,1
JOAO DE DEUS  O SILENCIO E UMA PRECE,0
JOAO O MAESTRO,0
JOAQUIM,0
JOAQUIM PEDRO DE ANDRADE  SELECAO DE CURTAS 1,0
JOAQUIM PEDRO DE ANDRADE  SELECAO DE CURTAS 2,0
JOGADOR NÂº 1,0
JOGO CSA X JUVENTUDE,0
JOGO DE CENA,0
JOGO SAO BENTO X CSA,0
JOGOS MORTAIS JIGSAW,0
JOHN WICK  UM NOVO DIA PARA MATAR,1
JOHN WICK 3  PARABELLUM,1
JOHNNY ENGLISH 30,1
JOJO RABBIT,0
JORGINHO GUINLE  O SE VIVE UMA VEZ,0
JORNADA DA VIDA,0
JOSE,0
JOVEM,0
JOVEM AOS 50,0
JOVEM MULHER,0
JOVENS POLACAS,0
JUBIABA,0
JUDY  MUITO ALEM DO ARCOIRIS,0
JULHO AGOSTO,0
JULIAN SCHNABEL RETRATO DO ARTISTA,0
JULIET NUA E CRUA,0
JUMANJI BEM VINDO A SELVA,1
JUMANJI PROXIMA FASE,1
JURASSIC PARK PARQUE DOS DINOSSAUROS,1
JURASSIC WORLD REINO AMEACADO,1
JUST DANCE BRASIL TOUR 2018,1
KADOSH  LACOS SAGRADOS,0
KAI,0
KANYE JESUS IS KING,0
KARDEC,0
KARINGANA â€” LICENCA PARA CONTAR,0
KEMETIYU CHEIKH ANTA DIOP,0
KIKI  OS SEGREDOS DO DESEJO,0
KILL BILL VOLUME 1,1
KILL BILL VOLUME 2,1
KIM DOTCOM AGARRADO NA WEB,0
KIN,0
KINGSMAN O CIRCULO DOURADO,1
KIWI E STRIT,1
KMOCKDOWN,1
KONG  A ILHA DA CAVEIRA,1
KOTODAMA  A MALDICAO,0
KOUZINA PREPARA MAMMA MIA  LA VAMOS NOS DE NOVO,0
KURSK  A ULTIMA MISSAO,1
KUSAMA  INFINITO,1
LA ARRANCADA,0
LA BOHEME,0
LA CAMA,0
LA DANSE  LE BALLET DE LOPERA DE PARIS,0
LA LA LAND  CANTANDO ESTACOES,0
LA MALA NOCHE,0
LA REBELLION ABENCOE SEUS PEQUENINOS CORACOES,0
LA REBELLION BEMVINDO DE VOLTA IRMAO CHARLES,0
LA REBELLION BUSH MAMA  APRESENTACAO,0
LA REBELLION CURTAS 1,0
LA REBELLION CURTAS 2,0
LA REBELLION CURTAS 3,0
LA REBELLION DANDO UM ROLE,0
LA REBELLION UMA IMAGEM DIFERENTE,0
LA VITA IN COMUNE,0
LADY BIRD  A HORA DE VOAR,1
LADY MACBETH,1
LAKE BODOM,1
LAMEN SHOP,1
LAMPARINA DA AURORA,0
LANCHONETE DA CIDADE PREPARA A FANTASTICA FABRICA DE CHOCOLATE,0
LANDES,0
LARA,0
LASCIATI ANDARE,0
LAST FLAG FLYING,1
LATE NIGHT,1
LAURA,0
LE BURGUER PREPARA HARRY POTTER E A CAMARA SECRETA,0
LE BURGUER PREPARA STAR WARS  OS ULTIMOS JEDI,0
LE CIRCO DE LA DRAG E ESTREIA,0
LEGALIDADE,0
LEGALIZE JA  AMIZADE NUNCA MORRE,0
LEGO BATMAN,1
LEGO NINJAGO O FILME,1
LEMBRO MAIS DOS CORVOS,0
LEMEBEL UM ARTISTA CONTRA A DITADURA CHILENA,0
LEON MORIN O PADRE,0
LIBERTE,0
LIGA DA JUSTICA,0
LIL PEEP EVERYBODYS EVERYTHING,0
LILLIAN,0
LIM,0
LIMITES,0
LIMPAM COM FOGO,0
LINK PERDIDO,0
LINO,0
LION  UMA JORNADA PARA CASA,1
LITIGANTE,0
LITTLE JOE,1
LITTLE SOLDIER,1
LIVRAIME,0
LIVRES,0
LIZZIE,1
LOBISOMEM,1
LOGAN,1
LOGAN LUCKY ROUBO EM FAMILIA,1
LOGAN NOIR,1
LOLA PATER,1
LONG STRANGE TRIP A VIAGEM DO GRATEFUL DEAD,1
LONGA JORNADA NOITE ADENTRO,0
LONGE,0
LONGE DA ARVORE,1
LONGE DA COSTA,1
LORA LEGALE,1
LOS SILENCIOS,0
LOS TERRITORIOS,0
LOU,0
LOUIS  LUCA  A CORRIDA DO QUEIJO,0
LOUISE NO INVERNO,0
LOULOU E OUTROS LOBOS,0
LOVE LIVE FEST,1
LUA DE JUPITER,1
LUANA MUNIZ  FILHA DA LUA,0
LUCIA CHEIA DE GRACA,0
LUCKY,1
LUDIBRIUM,0
LUMIERE A AVENTURA COMECA,0
LUNA,0
LUPE BAR Y TAQUERIA PREPARA VIVA A VIDA E UMA FESTA,0
LUTA DE CLASSES,0
LUTA POR JUSTICA,0
LUZ DE INVERNO,0
LUZ DEL FUEGO,0
LUZ NO FIM DO TUNEL,0
LYGIA UMA ESCRITORA BRASILEIRA,0
M8  QUANDO A MORTE SOCORRE A VIDA,0
MA,0
MA EDUCACAO,0
MABOROSI  A LUZ DA ILUSAO,0
MACABRO,0
MACUNAIMA,0
MADA,0
MADAGASCAR 3  OS PROCURADOS,1
MADAME,0
MADAME BUTTERFLY,0
MADE IN ITALY,0
MADEMOISELLE PARADIS,0
MADONNA AND THE BREAKFAST CLUB,0
MADRE,0
MAE,1
MAIS QUE VENCEDORES,1
MAL NOSSO,0
MALASARTES E O DUELO COM A MORTE,0
MALEVOLA  DONA DO MAL,1
MALIGNO,1
MAMA COLONEL,1
MAMAE SAIU DE FERIAS,1
MAMMA MIA LA VAMOS NOS DE NOVO,1
MANDACARU VERMELHO,0
MANGUEIRA EM 2 TEMPOS,0
MANHATTAN,1
MANIFESTO,0
MANON LESCAUT,0
MAO DE OBRA,0
MAQUINAS MORTAIS,0
MARATONA DEATH NOTE,0
MARCELO GOMES  ANATOMIA DE UM DANCARINO,0
MARCHA CEGA,0
MARCIA HAYDEE  UMA VIDA PELA DANCA,0
MARCOS MEDEIROS CODINOME VAMPIRO,0
MARE NOSTRUM,1
MARES,0
MARGHE E SUA MAE,0
MARIA,0
MARIA  NAO ESQUECA QUE EU VENHO DOS TROPICOS,0
MARIA CALLAS  EM SUAS PROPRIAS PALAVRAS,0
MARIA DO CARITO,0
MARIA E JOAO O CONTO DAS BRUXAS,0
MARIA MADALENA,0
MARJORIE PRIME,0
MARK FELT  O HOMEM QUE DERRUBOU A CASA BRANCA,1
MARTIN EDEN,1
MARVIN,1
MARY AND THE WITCHS FLOWER,0
MAS INFLUENCIAS,0
MAS NOTICIAS PARA O SR MARS,0
MASO E MISO VAO DE BARCO,0
MATANGI  MAYA  MIA,0
MATAR JESUS,0
MATRIX  20 ANOS,1
MATTHIAS  MAXIME,0
MAUDIE,1
MAX STEEL,1
MAYA,0
MAZE RUNNER  A CURA MORTAL,1
MAZINGER Z  INFINITY,1
MBYA REKO PYGUA A LUZ DAS PALAVRAS,0
ME CHAME PELO SEU NOME,0
ME TIRE UMA DUVIDA,0
MEDEIA,0
MEDITATION PARK,0
MEDO PROFUNDO,0
MEDO PROFUNDO O SEGUNDO ATAQUE,0
MEDO VIRAL,0
MEGALOBOX  PARTE 2,1
MEGALOBOX  PARTE I,1
MEGATUBARAO,1
MEIO IRMAO,1
MELANIE MARTINEZ K12,0
MEMORIA DA DOR,1
MEMORIA EM VERDE E ROSA,0
MEMORIAS DA DOR,0
MEMORIAS DE UMA ESCOLA,0
MEMORIAS DO SUBDESENVOLVIMENTO,0
MEMORY  AS ORIGENS DE ALIEN,1
MENASHE,0
MENTES SOMBRIAS,1
MENTIRA NADA INOCENTE,0
MERCI PATRON,0
METALLICA  SAN FRANCISCO SYMPHONY,0
METALLICA SM2,0
MEU AMIGO E UMA GIRAFA,1
MEU AMIGO ENZO,0
MEU AMIGO FELA,0
MEU AMIGO VAMPIRO,1
MEU AMOR POR GRACE,0
MEU ANJO,0
MEU BEBE,0
MEU COLEGIO INTEIRO AFUNDANDO NO MAR,0
MEU CORPO E POLITICO,0
MEU CUMPADRE ZE KETI,0
MEU EX E UM ESPIAO,1
MEU MALVADO FAVORITO,1
MEU MALVADO FAVORITO 3,1
MEU MUNDIAL  PARA VENCER NAO BASTA JOGAR,0
MEU NOME E DANIEL,0
MEU NOME E SARA,0
MEU PROPRIO BEM,0
MEU QUERIDO FILHO,0
MEU TIO E O JOELHO DE PORCO,0
MEU TRICOLOR DE ACO,0
MEU VERAO EXTRAORDINARIO COM TESS,0
MEUS 15 ANOS,0
MI VIDA,0
MIB HOMENS DE PRETO  INTERNACIONAL,1
MICHELANGELO  INFINITO,0
MIDWAY  BATALHA EM ALTO MAR,1
MILAGRE,1
MILLA,0
MILLENNIUM A GAROTA NA TEIA DE ARANHA,0
MINAS DO FUTEBOL,0
MINHA FAMA DE MAU,0
MINHA FELICIDADE,0
MINHA FILHA,0
MINHA FORTALEZA OS FILHOS DE FULANO,0
MINHA IRMA DE PARIS,0
MINHA LUA DE MEL POLONESA,0
MINHA MAE E UMA PECA  O FILME,0
MINHA MAE E UMA PECA 2,0
MINHA MAE E UMA PECA 3,0
MINHA OBRA PRIMA,0
MINHA VIDA DE ABOBRINHA,0
MINHA VIDA EM MARTE,0
MINHAS TARDES COM MARGUERITTE,0
MINHOCAS  ANIMATIBA,0
MIRACULOUS AS AVENTURAS DE LADYBUG,0
MIRADA PARANAENSE,0
MIRIAM MENTE,0
MISSAO 115,0
MISSAO CEGONHA,1
MISSAO IMPOSSIVEL  EFEITO FALLOUT,1
MIUDA E O GUARDACHUVA,0
MOACIR  O SANTISTA QUE CONQUISTOU OS ARGENTINOS,0
MOANA  UM MAR DE AVENTURAS,1
MODO DE PRODUCAO,0
MONDO GASTRONOMICO PREPARA O GRINCH,0
MONICA E O DESEJO,0
MONOS,1
MONROVIA INDIANA,0
MONSIEUR  MADAME ADELMAN,0
MONSTER TRUCKS,1
MONTREAL DEAD END,1
MOONLIGHT SOB A LUZ DO LUAR,1
MORANGOS SILVESTRES,1
MORMACO,0
MORRA MONSTRO MORRA,0
MORRER COMO UM HOMEM,0
MORTO NAO FALA,0
MOSCOU,0
MOSTRA DOC FAM  EDUARDO GALEANO VAGAMUNDO ES,0
MOSTRA DOC FAM  ZURITA,0
MOSTRA GLAUBER ROCHA II,0
MOSTRA GLAUBER ROCHA III,0
MOSTRA SUICA  NADASDY FILMS,0
MOSTRA VIDEOCLIPE E LONGAS FICCAO  YO NINA,0
MOSTRAS ESTREIAS CARIOCAS 1,0
MOSTRE A LINGUA,0
MOTORRAD,0
MOVIMENTOS DE UMA MONTANHA PROXIMA,0
MOVIMENTOS DO INVISIVEL,0
MR JONES,0
MR LEATHER,0
MUDAR DE VIDA,0
MUDBOUND  LAGRIMAS SOBRE O MISSISSIPI,0
MUEDA MEMORIA E MASSACRE,0
MUITOS FILHOS UM MACACO E UM CASTELO,0
MULEQUE TE DOIDO  MAIS DOIDO AINDA,0
MULHER,0
MULHER MOLHADA AO VENTO,0
MULHERES ALTERADAS,0
MULHERES ARMADAS HOMENS NA LATA,0
MULHERES DA NOITE,0
MULHERES DE CELULOIDE  BRUCE CONNER,0
MULHERES DIABOLICAS,1
MULHERES DIVINAS,0
MULHERES DO SECULO 20,1
MULHERMARAVILHA,1
MULHOLLAND DRIVE CIDADE DOS SONHOS,0
MUSE DRONES WORLD TOUR,0
MUSEU,0
MUSSUM  UM FILME DO CACILDIS,0
MY HERO ACADEMIA 2 HEROIS,1
MY LITTLE PONY O FILME,1
NA CAMA COM VICTORIA,1
NA ESTRADA DA VIDA,1
NA MIRA DO ATIRADOR,1
NA NEBLINA,1
NA PRAIA A NOITE SOZINHA,0
NADA A PERDER,1
NADA A PERDER 2,1
NAO DEVORE MEU CORACAO,0
NAO E O MEU TIPO,0
NAO ME TOQUE,0
NAO MEXA COM ELA,1
NAO OLHE,1
NAO SE ACEITAM DEVOLUCOES,0
NAO SOU UM CANALHA,0
NAO TEMOS MAIS NADA ALEM DO CRIME,1
NASCE UMA ESTRELA,1
NATAL BRANCO,0
NEGACAO,0
NEVE NEGRA,1
NEVILLE DALMEIDA  CRONISTA DA BELEZA E DO CAOS,1
NICK NO CINEMA ESPECIAL PATRULHA CANINA,1
NICO 1988,0
NIGHT WILL FALL,1
NINA WU,0
NINGUEM ENTRA NINGUEM SAI,1
NINGUEM ESTA OLHANDO,1
NO CORACAO DO MUNDO,0
NO DESERTO,1
NO INTENSO AGORA,0
NO OLHO DO FURACAO,0
NO QUARTO DA VANDA,1
NOIS POR NOIS,0
NOITAO  ALIEN RIDLEY SCOTT,0
NOITAO  MUSICAL,0
NOITAO ENTIDADES,0
NOITAO MNIGHT SHYAMALAN,0
NOITE DAS FELINAS,0
NOITE MAGICA,0
NOMADE SEGUINDO OS PASSOS DE BRUCE CHATWIN,0
NONA  SE ME MOLHAM EU OS QUEIMO,0
NORMAN CONFIE EM MIM,0
NORMANDIA NUA,0
NOS,0
NOS DUAS,0
NOS VEMOS NO PARAISO,0
NOTAS SOBRE A CEGUEIRA IMS,0
NOTAS SOBRE O OUTRO  UMA HISTORIA PARA OS MODLIN,0
NOTICIAS DE CASA,0
NOVAS ESPECIES  A EXPEDICAO DO SECULO,0
NOVITIATE,0
NUM LUGAR SOLITARIO,1
NUNCA DEIXE DE LEMBRAR,1
NUNCA ME SONHARAM,1
O ACAMPAMENTO,1
O ADVOGADO,1
O AMANTE DUPLO,1
O AMIGO DO REI,1
O AMOR DA TRABALHO,1
O AMULETO DE OGUM,1
O ANIMAL CORDIAL,1
O ANJO,1
O ANJO DO RELOGIO,1
O ANJO EXTERMINADOR,1
O ANO DE 1985,1
O ARTISTA DO DESASTRE,1
O ASSASSINO MORA NO 21,1
O ASSASSINO O PRIMEIRO ALVO,1
O BANQUETE,1
O BAR LUVA DOURADA,1
O BARATO DE IACANGA,1
O BEIJO NO ASFALTO,1
O CAMINHO DOS SONHOS,1
O CANDIDATO HONESTO 2,1
O CANTO DO MAR,1
O CARAVAGGIO ROUBADO,1
O CASAL,1
O CASAMENTO DE MARIA BRAUN,1
O CASO DE RICHARD JEWELL,1
O CASO DO HOMEM ERRADO,1
O CASTELO DE VIDRO,1
O CEU DE TOQUIO A NOITE E SEMPRE DO MAIS DENSO TOM DE AZUL,1
O CHALE E UMA ILHA BATIDA DE VENTO E CHUVA,1
O CHAMADO 2,1
O CHAMADO 3,1
O CHAMADO DA FLORESTA,1
O CHAMADO DO LOBO,1
O CHAMADO DO MAL,1
O CHAMADO VS O GRITO,1
O CHAO SOB MEUS PES,1
O CIRCULO,1
O CIRCULO VERMELHO,1
O CLUBE DOS CANIBAIS,1
O COLAR DE CORALINA,1
O COMUNISTA,1
O CONFEITEIRO,1
O CORPO E NOSSO,1
O CORPO EM TERAPIA,1
O CRAVO E A ROSA  O DOCUMENTARIO,1
O CRIADO,1
O CRIME DA GAVEA,1
O DECLINIO DO IMPERIO AMERICANO  MOSTRA QUEBEC,1
O DESAPARECIMENTO DE MINHA MAE,1
O DESERTO DO DESERTO,1
O DESMONTE DO MONTE,1
O DESPERTAR DE LILITH,1
O DESTINO DE UMA NACAO,1
O DIA DEPOIS,1
O DIA DO ATENTADO,1
O DIA QUE RESISTIA,1
O DIABO,1
O DIABO E O PADRE AMORTH,1
O DIABO ENTRE AS PERNAS,1
O DOUTRINADOR,1
O DUBLE,1
O ECLIPSE,1
O ECLIPSE  DEBATE,1
O ENIGMA DA ROSA,1
O ENIGMA DE UMA VIDA,1
O ESCANDALO,1
O ESCANDALO CLOUZOT,1
O ESPACO ENTRE NOS,1
O ESTADO DAS COISAS,1
O ESTRANGEIRO,1
O ESTRANHO COLORIDO DAS LAGRIMAS DO TEU CORPO,1
O ESTRANHO QUE NOS AMAMOS,1
O EXERCITO DAS SOMBRAS,1
O EXTERMINADOR DO FUTURO DESTINO SOMBRIO,1
O FANTASMA DA SICILIA,0
O FANTASTICO PATINHO FEIO,0
O FAROL,1
O FAVORITO,1
O FEMININOMONSTRUOSO,0
O FEMINISMO MONSTRUOSO,0
O FILHO DO HOMEM,0
O FILHO OURO DA FLORESTA,0
O FILHO URUGUAIO,0
O FILME DA MINHA VIDA,0
O FILME DO BRUNO ALEIXO,0
O FIM DA VIAGEM O COMECO DE TUDO,0
O FIO DA MEMORIA,0
O FORMIDAVEL,0
O FUNERAL DAS ROSAS,0
O FUTURO ADIANTE,0
O GALA,0
O GARCOM,0
O GATO DE HAVANA,0
O GENIO E O LOUCO,1
O GLOBO DE PRATA,1
O GRANDE BIZARRO,1
O GRANDE CIRCO MISTICO,1
O GRINCH,1
O GRITO,1
O GRITO 3 O INICIO DO FIM,1
O HOMEM DAS CAVERNAS,0
O HOMEM DO PAUBRASIL,0
O HOMEM IDEAL,1
O HOMEM INVISIVEL,1
O HOMEM PERFEITO,1
O HOMEM QUE CUIDA,1
O HOMEM QUE MATOU DOM QUIXOTE,0
O HOMEM QUE MATOU JOHN WAYNE,1
O HOMEM QUE MATOU O FACINORA,0
O HOMEM QUE PAROU O TEMPO,1
O HOTEL AS MARGENS DO RIO,1
O HUMORISTA,1
O IMPORTANTE E AMAR,1
O INFERNO DE HENRIGEORGES CLOUZOT,0
O INSULTO,1
O INTENDENTE SANSHO,0
O IRLANDES,1
O JARDIM DAS AFLICOES,0
O JOVEM AHMED,0
O JOVEM KARL MARX,1
O JUIZO,1
O LAGO DO GANSO SELVAGEM,0
O LEAO DE 7 CABECAS,0
O LIVRO DO PARAISO NAO TEM AUTOR,0
O MAIOR PRESENTE,0
O MAL NAO ESPERA A NOITE  MIDSOMMAR,0
O MANICOMIO,1
O MATADOR DE OVELHAS,1
O MAU EXEMPLO DE CAMERON POST,0
O MEDICO INDIANO,0
O MELHOR DE DORIEN B,0
O MELHOR ESTA POR VIR,0
O MELHOR PROFESSOR DA MINHA VIDA,0
O MELHOR VERAO DAS NOSSAS VIDAS,0
O MENINO QUE FAZIA RIR,0
O MENINO QUE QUERIA SER REI,0
O MENTIROSO,1
O MES QUE NAO TERMINOU,1
O MISTERIO DE HENRI PICK,1
O MISTERIO DE PICASSO,0
O MISTERIO DO GATO CHINES,0
O MISTERIO DO RELOGIO NA PAREDE,0
O MOMENTO PLUTAO,0
O MORTO VIVO,1
O MOTORISTA DE TAXI,0
O MUNDO A SEUS PES,0
O MUNDO EM PERIGO,0
O NATAL DA LUNA,0
O NAVIO FANTASMA,0
O NO DO DIABO,0
O NOME DA MORTE,0
O NOME DA ROSA,0
O NOVATO,1
O ODIO QUE VOCE SEMEIA,0
O OFICIAL E O ESPIAO,0
O OLHO DO FURACAO,0
O OLHO E A FACA,0
O ORGULHO,1
O OUTRO LADO DA ESPERANCA,1
O PACIENTE  O CASO TANCREDO NEVES,0
O PACTO DE ADRIANA,0
O PADRE E A MOCA,0
O PALHACO,1
O PANTANO,1
O PARADOXO DA DEMOCRACIA,0
O PARAISO DE MARIA,0
O PARAISO DEVE SER AQUI,0
O PARQUE,1
O PARQUE DOS SONHOS,0
O PASSAGEIRO,1
O PASSARINHO AMARELO,0
O PASSARO PINTADO,0
O PEQUENO FAZENDEIRO,0
O PESO DO PASSADO,0
O PIANO QUE CONVERSA,0
O PINTASSILGO,0
O PODER DE DIANE,0
O PODER E O IMPOSSIVEL,1
O PODEROSO CHEFINHO,1
O PRECO DA VERDADE,0
O PRECO DE TUDO,1
O PREDADOR,1
O PRIMEIRO ADEUS,1
O PRIMEIRO HOMEM,1
O PROCESSO,1
O PROCESSO SERGEI LOZNITSA,0
O PROFESSOR SUBSTITUTO,0
O PROTETOR 2,1
O QUE ARDE,0
O QUE DE VERDADE IMPORTA,0
O QUE E ISSO COMPANHEIRO,0
O QUE ELA DISSE AS CRITICAS DE PAULINE KAEL,0
O QUE RESTA  MOSTRA ESTREIAS CARIOCAS,0
O QUE SERA DE NOZES 2,0
O QUE TE FAZ MAIS FORTE,0
O QUE TERA ACONTECIDO A BABY JANE,0
O QUE VAO DIZER,0
O QUE VOCE IRA FAZER QUANDO O MUNDO ESTIVER EM CHAMAS,0
O QUEBRACABECA,0
O QUEBRANOZES E OS QUATRO REINOS,0
O RASTRO,0
O REENCONTRO,1
O REI DA NOITE,1
O REI DA VELA,0
O REI DE ROMA,0
O REI DO SHOW,0
O REI E O PASSARO,0
O REI LEAO,1
O REINO DOS SAPOS,0
O REINO GELADO A TERRA DOS ESPELHOS,1
O REINO GELADO FOGO E GELO,1
O RELATORIO,0
O RENASCIMENTO DO PARTO 2,0
O RENASCIMENTO DO PARTO 3,0
O RETORNO DE BEN,1
O RETORNO DE MARY POPPINS,1
O RETORNO DE MARY POPPINS  CIA DE BALLET AO VIVO,1
O RETORNO DO HEROI,1
O RETRATO DA ESCURIDAO  O GRANDE BIZARRO,1
O RITUAL,1
O ROTEIRISTA E O PUBLICO  BRPLOT,0
O SACRIFICIO DO CERVO SAGRADO,0
O SALARIO DO MEDO,0
O SAMBA E MEU DOM  WILSON DAS NEVES,0
O SAMURAI,1
O SEGREDO DE DAVI,0
O SENHOR DOS ANEIS  AS DUAS TORRES,1
O SENHOR DOS ANEIS  O RETORNO DO REI,1
O SEQUESTRO,1
O SILENCIO,1
O SILENCIO DO MAR,1
O SILENCIO DOS OUTROS,1
O SOL TAMBEM E UMA ESTRELA,0
O SURGIMENTO DE DADA,0
O TEMPO COM VOCE,0
O TERCEIRO ASSASSINATO,0
O TERMOMETRO DE GALILEU,0
O TOURO FERDINANDO,1
O TOURO INDOMAVEL,1
O TRADUTOR,1
O TRAIDOR,1
O TROVADOR,1
O TROVADOR ROYAL OPERA HOUSE,0
O TURISTA SUICIDA,1
O ULTIMO AMOR DE CASANOVA,0
O ULTIMO LANCE,1
O ULTIMO SUSPIRO,0
O VENERAVEL W,0
O VERAO DE ADAM,0
O VERDE ESTA DO OUTRO LADO,0
O VOYEUR DO TELHADO,0
OBITUARIO,0
OBRIGADO PELA CHUVA,0
OBSCURO BARROCO,0
OBSESSAO,0
OCIDENTAL,0
ODETE,0
OH LUCY,1
OHARU A VIDA DE UMA CORTESA,0
OITO MULHERES E UM SEGREDO,0
OLHANDO PARA AS ESTRELAS,0
OLHARES BRASIL,0
OLHOS DO DESERTO,0
ON YOGA  ARQUITETURA DA PAZ,0
ONDE A MOEDA CAI EM PE A HISTORIA DO SAO PAULO FUTEBOL CLUBE,0
ONDE ESTA VOCE JOAO GILBERTO,0
ONDE QUER QUE VOCE ESTEJA,0
ONE NIGHT FOR JANIS JOPLIN,0
OPERA IOLANTA  O QUEBRANOZES,0
OPERA NA TELA  DON CARLOS,0
OPERA NA TELA  ROMEU E JULIETA,0
OPERA NA TELA  TOSCA,0
OPERA NA TELA  TRISTAO E ISOLDA,0
OPERA NA TELA OS DOIS FOSCARI,0
OPERACAO OVERLORD,0
OPERACAO RED SPARROW,0
ORFEU E EURIDICE,0
ORGANISMO,0
ORIGINAIS BRASILEIROS  BRPLOT,0
ORLANDO  A MULHER IMORTAL,0
OS 3 INFERNAIS,1
OS 8 MAGNIFICOS,1
OS AMANTES CRUCIFICADOS,1
OS BRINQUEDOS MAGICOS,1
OS CACAFANTASMAS 1984,1
OS CAIPIRAS EM BUSCA DE UM SONHO,0
OS COMEDORES DE MEIA,0
OS CURTAS DE GABRIELA AMARAL ALMEIDA,0
OS DOCES BARBAROS,0
OS DOIS FILHOS DE JOSEPH,0
OS DONOS DA RUA,1
OS ESTRANHOS 2  CACADA NOTURNA,0
OS EXTERMINADORES DO ALEM CONTRA A LOIRA DO BANHEIRO,0
OS FAMOSOS E OS DUENDES DA MORTE  TAPA NA PANTERA,0
OS FANTASMAS DE ISMAEL,0
OS FAROFEIROS,0
OS GOLFINHOS VAO PARA O LESTE,0
OS GUARDIOES,1
OS INCONFIDENTES,1
OS INCONTESTAVEIS,1
OS INCRIVEIS 2,1
OS INICIADOS,1
OS JOVENS BAUMANN,1
OS JOVENS TITAS EM ACAO NOS CINEMAS,1
OS MENINOS QUE ENGANAVAM NAZISTAS,0
OS MEYEROWITZ FAMILIA NAO SE ESCOLHE,0
OS MISERAVEIS,1
OS MORTOS NAO MORREM,0
OS OLHOS DE CABUL,0
OS OLHOS DE ORSON WELLES,0
OS ORFAOS,1
OS PALHACOS,1
OS PAPEIS DE ASPERN,0
OS PARCAS,0
OS PARCAS 2,0
OS PENETRAS 2  QUEM DA MAIS,0
OS POBRES DIABOS,0
OS PRINCIPES,0
OS SALTIMBANCOS TRAPALHOES RUMO A HOLLYWOOD,0
OS SEMFLORESTA,1
OS SMURFS E A VILA PERDIDA,1
OS SONAMBULOS,0
OS TEMPOS DE HARVEY MILK,0
OS TRADUTORES,0
OS TRANSGRESSORES,1
OS TRES LADROES,1
OS ULTIMOS DIAS DE COPACABANA JACK  MOSTRA ESTREIAS CARIOCAS,0
OS UNDER UNDERGROUNDS O COMECO,1
OS VINGADORES,1
OSCILACOES,0
OSTWIND,0
OTELLO,0
OUTBACK PREPARA A GUERRA DO HAMBURGUER,0
OUTBACK PREPARA TA CHOVENDO HAMBURGUER 2,0
OUTUBRO,0
OYUKI A VIRGEM,0
PACARRETE,0
PACIFICADO,0
PACOTE FESTIVAL DO RIO  06 INGRESSOS,0
PACOTE FESTIVAL DO RIO 2019  06 INGRESSOS,0
PADDINGTON 2,1
PAGLIACCI,1
PAI EM DOSE DUPLA 2,1
PAINEIS DO PORTO  DO CEU AO RIO  JAIME,0
PAIS BARBARO,0
PAISAGENS JAMES BENNING E CLEMENS KLOPFENSTEIN,0
PAIXAO OBSESSIVA,1
PALACE II  3 QUARTOS COM VISTA PARA O MAR,0
PALMAS PARA MIM,0
PANICO DO EXPRESSO DO ORIENTE  ESCAPE ROUTE,0
PANORAMA 1  2019,0
PANORAMA 2  2019,0
PANORAMA 3  2019,0
PANORAMA 4  2019,0
PANORAMA 5,0
PANORAMA BRASIL VIII,0
PANORAMA BRASIL X,0
PANORAMA INTERNACIONAL 1,0
PANORAMA INTERNACIONAL 3,0
PANORAMA INTERNACIONAL 4,0
PANORAMA INTERNACIONAL 5,0
PANORAMA INTERNACIONAL 6,0
PANORAMA INTERNACIONAL 7,0
PANTERA NEGRA,0
PAPA FRANCISCO CONQUISTANDO CORACOES,0
PAPICHA,0
PAPILLON,1
PAPO ANIMADO MICHAEL DUDOK,0
PAPO ANIMADO PETER PEAKE,0
PAPO ANIMADO ROBERT VALLEY,0
PAPO ANIMADO SAM,0
PARAI,0
PARAISO PERDIDO,0
PARASITA,1
PARIS 8,1
PARIS A BRANCA,0
PARIS PODE ESPERAR,0
PARO QUANDO QUERO,0
PARQUE DO INFERNO,0
PARTIDA,0
PASQUALINO SETE BELEZAS,0
PASSAGEIROS,1
PASSAPORTE FESTIVAL DO RIO 2018 20 INGRESSOS,0
PASSAPORTE FESTIVAL DO RIO 2019  20 INGRESSOS,0
PASSAROS DE VERAO,0
PASSAROS ESTAO CANTANDO EM KIGALI,0
PASTOR CLAUDIO,0
PAT  MAT,0
PATRICK,0
PATRULHA CANINA  SUPER FILHOTES,1
PATTI CAKE,0
PAULA REGO HISTORIAS E SEGREDOS,0
PAULISTAS,0
PAULO APOSTOLO DE CRISTO,0
PAULO CASE  O ARQUITETO DO ENCONTRO,0
PAULO DE TARSO E A HISTORIA DO CRISTIANISMO PRIMITIVO,0
PAVAROTTI,0
PEARL JAM LIVE AT WRIGLEY LETS PLAY,1
PEDRO COELHO,0
PEDRO E INES O AMOR NAO DESCANSA,0
PEGANDO FOGO,1
PEGASO,0
PEIXE GRANDE E SUAS HISTORIAS MARAVILHOSAS,0
PEIXONAUTA  O FILME,0
PELA JANELA,0
PELE  O NASCIMENTO DE UMA LENDA,0
PELE SUJA MINHA CARNE,0
PELEJA NO SERTAO O DESPERTAR DE LILITH,0
PELICAN BLOOD,0
PENDULAR,0
PEPEQUENO,0
PEQUENA GRANDE VIDA,0
PEQUENAS MENTIRAS FRANCESAS,0
PEQUENO DICIONARIO AMOROSO,0
PEQUENOS HEROIS,1
PERDIDOS EM PARIS,0
PERDIDOS NA NOITE,1
PERFEITA E A MAE 2,0
PERSONA NON GRATA,0
PERSONAGENS REAIS HISTORIAS DE FICCAO  BRPLOT,0
PESADELO PERFUMADO,0
PESSOAS  CONTAR PARA VIVER,0
PETER PAN 1953,1
PETERLOO,0
PETS  A VIDA SECRETA DOS BICHOS 2,1
PIAZZA VITTORIO,0
PICAPAU,1
PICURUTA  A LENDA DO GATO,0
PIEDADE,0
PINHAO,0
PINK FLAMINGOS,0
PIRATAS DO CARIBE A VINGANCA DE SALAZAR,0
PIRIPKURA,0
PIXI POST E OS ENTREGADORES DE PRESENTE,0
PIXOTE A LEI DO MAIS FRACO,0
PLANETA DOS MACACOS A GUERRA,1
PLAYMOBIL,1
PLOEY VOCE NUNCA VOARA SO,0
PO,0
POBRES MAS RICOS,1
PODERIA ME PERDOAR,0
PODRES DE RICOS,1
POETAS DO CEU,1
POETICA NEGRA,0
POKEMON  DETETIVE PIKACHU,1
POKEMON O FILME EU ESCOLHO VOCE,0
POLICIA FEDERAL  A LEI E PARA TODOS,0
POLITICA MANUAL DE INSTRUCOES,0
PONTO CEGO,1
POP AYE,0
POR MEUS BIGODES,0
POR QUE VIVEMOS,0
POR TRAS DO CEU,0
POR TRAS DOS SEUS OLHOS,0
POR UM PUNHADO DE DOLARES,0
POR UM PUNHADO DE DOLARES OS NOVOS EMIGRADOS,0
PORTFOLIO  2019,0
PORTFOLIO 1,0
PORTFOLIO 2,0
PORTIFOLIO 2017,0
PORTO DAS CAIXAS,0
POSSESSAO,1
POSSESSAO E CULTOS,1
POWER RANGERS  O FILME,0
PRACA PARIS,1
PRACA PUBLICA,0
PRANK  MOSTRA QUEBEC,0
PREDADORES ASSASSINOS,0
PRELUDIO DA FURIA,1
PREMIACAO,0
PREMIACAO RJ,0
PREMIO BRASIL DE CINEMA INFANTIL  MOSTRA TEEN,0
PREVENGE,0
PRIMATA,0
PRIMAVERA EM CASABLANCA,0
PRIMEIRO AMOR,1
PRIMEIRO ANO,1
PRIMEIRO PESADELO,0
PRIMEIRO PESADELO 1900,0
PRISIONEIRO DO ROCK,1
PROCURANDO POR INGMAR BERGMAN,0
PROCURE A MULHER,0
PROFESSOR MARSTON E AS MULHERESMARAVILHAS,0
PROFESSOR SAPO,0
PROFILE,0
PROGRAMA 1,0
PROGRAMA 2,0
PROGRAMA 6,0
PROGRAMA CURTAS INTERNACIONAIS  8X ANIMACAO,0
PROJETO FLORIDA,0
PROJETO GEMINI,0
PROMESSA AO AMANHECER,0
PROXIMA PARADA BAIRRO BOEMIO,0
PUNHOS DE SANGUE  A VERDADEIRA HISTORIA DE ROCKY BALBOA,0
PUREZA,0
PYEWACKET  ENTIDADE MALIGNA,0
QUANDO MARGOT ENCONTRA MARGOT,0
QUANDO O GALO CANTAR PELA TERCEIRA VEZ RENEGARAS TUA MAE,0
QUARTO 212,1
QUARTO 66 E OS SEGREDOS TEMPLARIOS  ESCAPE ROUTE,0
QUATRO DIAS COM EDUARDO,0
QUATRO VIDAS DE UM CACHORRO,0
QUE LINGUA VOCE FALA,0
QUE OS OLHOS RUINS NAO TE ENXERGUEM,0
QUEERCORE HOW TO PUNK A REVOLUTION,0
QUEM E BETA,0
QUEM E PRIMAVERA DAS NEVES FESTIVAL E TUDO VERDADE,0
QUEM ME AMA ME SEGUE,0
QUEM MORA LA,0
QUEM VOCE PENSA QUE SOU,0
QUERIDA MAMAE,0
QUERIDO EMBAIXADOR,0
QUERIDO FILHO,0
QUERIDO MENINO,0
RAFIKI,0
RAIA 4,0
RAIN MAN,1
RAINHA DE COPAS,1
RAINHAS DO CRIME,1
RAIVA,0
RAMBO ATE O FIM,1
RAMMSTEIN PARIS,0
RAMPAGE  DESTRUICAO TOTAL,0
RASGA CORACAO,0
RASTROS,0
RBG HERO ICON DISSENTER,0
REAL  O PLANO POR TRAS DA HISTORIA,0
RECIFE ASSOMBRADO,0
REEL ROCK 12,0
REFEM DO JOGO,0
REI,0
REI ARTHUR A LENDA DA ESPADA,1
RELATOS DO FRONT  FRAGMENTOS DE UMA TRAGEDIA BRASILEIRA,0
REPULSA AO SEXO,0
REQUIEM PARA SRA J,0
REQUIEM PARA UM SONHO,0
RESET  O NOVO BALE DA OPERA DE PARIS,0
RESIDENT EVIL 6  O CAPITULO FINAL,1
RESSACA,1
RETABLO,0
RETRATO DE JASON,0
RETRATO DE UMA JOVEM EM CHAMAS,1
RETRATO DO AMOR,1
RETRATOS DE IDENTIFICACAO,0
REVIVER  MOSTRA ESTREIAS CARIOCAS,0
RICARDO III  RICHARD LONCRAINE,0
RINDO A TOA  HUMOR SEM LIMITES,0
RIO 40 GRAUS,0
RIO DO MEDO,0
RIO MUMBAI,0
RIO ZONA NORTE,0
RIOS RESTAURANTE PREPARA A 100 PASSOS DE UM SONHO,0
RIOS RESTAURANTE PREPARA PEGANDO FOGO,0
RIOS RESTAURANTE PREPARA RATATOUILLE,0
RISCADO,0
RMF2017 MOSTRA BANFF 1,0
RMF2017 MOSTRA BANFF 2,0
RMF2017 MOSTRA COMPETITIVA 1,0
RMF2017 MOSTRA COMPETITIVA 2,0
RMF2017 MOSTRA COMPETITIVA 3,0
RMF2017 MOSTRA COMPETITIVA 4,0
RMF2017 MOSTRA COMPETITIVA 5,0
ROBERTO BOLANO A BATALHA FUTURA CHILE,0
ROBERTO CARLOS EM JERUSALEM,0
ROBERTO CARLOS EM RITMO DE AVENTURA,0
ROBIN HOOD A ORIGEM,1
ROCK DOG  NO FARO DO SUCESSO,0
ROCKETMAN,0
ROCKN ROLL POR TRAS DA FAMA,0
RODA GIGANTE,0
RODIN,0
ROGER WATERS US  THEM,0
ROGERIA SENHOR ASTOLFO BARROSO PINTO,0
ROGERIO DUARTE  O TROPIKAOSLISTA,0
ROGUE ONE  UMA HISTORIA STAR WARS,0
ROJO GASTRONOMIA PREPARA MADAME,0
ROMEU E JULIETA AO SOM DE MARISA MONTE,0
ROSA DE AREIA,0
ROSEMBERG 70  CINEMA DE AFETO,0
RUA DA VERGONHA,0
RUBEN BRANDT COLLECTOR,0
RUDOLF O GATINHO,0
RUN 2013,0
RUSSIA 2018  BRASIL X BELGICA,0
RUSSIA 2018  BRASIL X COSTA RICA,0
RUSSIA 2018  BRASIL X MEXICO,0
RUSSIA 2018 BRASIL X SERVIA,0
RUSSIA 2018 BRASIL X SUICA,0
RYUICHI SAKAMOTO CODA,0
RYUICHI SAKAMOTO UM CONCERTO EM NOVA YORK,0
SABADO,0
SAFARI,0
SAI DE BAIXO  O FILME,0
SAILING BAND,0
SAINT AMOUR NA ROTA DO VINHO,0
SAINT FRANCES,0
SALMO VERMELHO,0
SALTIMBANCOS TRAPALHOES,0
SAMBACINE COM LEO TOMASSINI E BANDA,0
SAMPA JAZZ FEST  MARCELO MONTEIRO QUINTETO E LUDERE,0
SAMPA JAZZ FEST  VITOR ARANTES QUARTETO E PROJETO COISA FINA,0
SANGUE DE PELICANO,0
SANSAO,0
SANSAO E DALILA,0
SANTA  ANDRES,0
SANTIAGO ITALIA,0
SANTORO  O HOMEM E SUA MUSICA,0
SANTOS DE TODOS OS GOLS,0
SAUDADE,0
SCREAMERS,0
SE,1
SE A RUA BEALE FALASSE,0
SE EU FOSSE VOCE,0
SEAN SCULLY E A ARTE DE TUDO,0
SEBERG CONTRA TODOS,0
SEFARAD,0
SEGREDOS OFICIAIS,0
SEGUINDO O VENTO,0
SEGUNDO TEMPO,0
SEJA BELA E CALE A BOCA,0
SELFIE PARA O INFERNO,0
SELVAGEM,1
SEM AMOR,0
SEM DATA SEM ASSINATURA,0
SEM DESCANSO,0
SEM FOLEGO,0
SEM RASTROS,0
SEM RESERVAS,0
SEM SEU SANGUE,0
SEMENTE DA MUSICA BRASILEIRA,0
SEMIFINAL 1  LIGA DOS YOUTUBERS,0
SEMIFINAL 2 LIGA DOS YOUTUBERS,0
SENHORA FANG,0
SENHORITA OYU,0
SEOROSA PREPARA CHEF,0
SEPULTURA ENDURANCE,0
SEQUESTRO RELAMPAGO,0
SER TAO VELHO CERRADO,0
SERGUEI O ULTIMO PSICODELICO,0
SESSAO BLACK LGBTQI CINEMA NEGRO,0
SESSAO CINECLUBE  TONICO PEREIRA,0
SESSAO CINECLUBE CONVIDA  CINECLUBE DELAS,0
SESSAO CINECLUBE CONVIDA CINECLUBE ACAO E REFLEXAO,0
SESSAO CINETICA BOM TRABALHO,0
SESSAO CONVIDADOS 1,0
SESSAO CONVIDADOS 2,0
SESSAO CURTAS 1,0
SESSAO DE CONVIDADOS 2,0
SESSAO DE CURTAS INDIELISBOA,0
SESSAO DE ENCERRAMENTO,0
SESSAO ESPECIAL ANNECY  2019,0
SESSAO INFANTIL  MOSTRA CAVIDEO,0
SESSAO OCUPACAO,0
SESSAO PETROBRAS TALENTOS APRESENTA CARLOS SALDANHA,0
SETE ANOS EM MAIO,0
SETE DIAS EM ENTEBBE,0
SEU ROSTO,0
SEVERINA,0
SEXY DURGA,0
SEXY POR ACIDENTE,1
SHADE  ENTRE BRUXAS E HEROIS,0
SHAFT,0
SHAKIRA IN CONCERT  EL DORADO WORLD TOUR,0
SHAZAM,1
SHIVA  UMA SEMANA E UM DIA,1
SHOAH  PRIMEIRA EPOCA,0
SHOAH  SEGUNDA EPOCA,0
SHOW VALE A PENA OUVIR DE NOVO HORARIO NOBRE RETRO BAND,0
SIBYL,1
SICARIO DIA DO SOLDADO,0
SIGILO ETERNO,0
SILENCIO,1
SILENCIO NO ESTUDIO,0
SILVIO E OS OUTROS,0
SIM FUI UM CRIANCA VIADA,0
SIMON  THEODORE,0
SIMONAL,0
SIMPLESMENTE COMPLICADO,0
SINAIS DE CINZA A PELEJA DE OLNEY CONTRA O DRAGAO DA MALDADE,0
SING  QUEM CANTA SEUS MALES ESPANTA,0
SING A LONG,1
SKATE KITCHEN,1
SKIN,1
SLAM VOZ DE LEVANTE,0
SLAYER THE REPENTLESS KILLOGY,1
SLENDER MAN PESADELO SEM ROSTO,1
SLIPKNOT DAY OF THE GUSANO,1
SOB O SOL DA TOSCANA,0
SOBIBOR,0
SOBRE RODAS,1
SOBRE VIAGENS E AMORES,0
SOBRENATURAL  A ULTIMA CHAVE,0
SOCIEDADE DO ALMOCO GRATIS,0
SOCORRO VIREI UMA GAROTA,0
SOCRATES,0
SOFA,0
SOL DA MEIANOITE,0
SOLDADOS DO ARAGUAIA,0
SOLINO,0
SOLTEIRA QUASE SURTANDO,0
SOLTERRA E LUZ,0
SOM SOL  SURF SAQUAREMA,0
SOMBRIA,0
SOMENTE O MAR SABE,0
SOMETHING LIKE SUMMER,0
SONATA DE OUTONO,0
SONHO DE RUI  MOSTRA CAVIDEO,0
SONIC  O FILME,1
SONMOTHER,0
SONO MORTAL,0
SOU CARNAVAL DE SAO SALVADOR,0
SOUNDGARDEN LIVE FROM THE ARTISTS DEN,0
SOUNDTRACK,0
STALKER,0
STAND UP COMEDY  1303,0
STAND UP COMEDY  EROS,0
STAR WARS  OS ULTIMOS JEDI,1
STAR WARS A ASCENSAO SKYWALKER,1
STARLADDER BERLIN MAJOR 2019,1
STATE FUNERAL,1
STEFAN ZWEIG  ADEUS EUROPA,1
STREETSCAPES  DIALOGUE,1
STUDIO 54,0
SUA PELE TAO MACIA,0
SUBMERSAO,0
SUBURBICON  BEMVINDOS AO PARAISO,0
SUENO FLORIANOPOLIS,0
SUPER BOWL LI PRIMEIRA FASEZZZZZZZZNAO USAR,1
SUPER BOWL LII,1
SUPER BOWL LIII,1
SUPER BOWL LIV,1
SUPERACAO  O MILAGRE DA FE,0
SUPERMAN  O FILME,1
SUPEROUTRO,0
SUPREMA,0
SUSPIRIA,0
SUSPIRIA  A DANCA DO MEDO,0
SWORD OF THE STRANGER,1
SYMPATHY FOR THE DEVIL,1
SYNONYMES,1
SYSTEM CRASHER,1
T2 TRAINSPOTTING,1
TA CHOVENDO HAMBURGUER 2,1
TA RINDO DE QUE HUMOR E DITADURA,0
TABU,0
TAKARA  A NOITE EM QUE NADEI,0
TAL MAE TAL FILHA,0
TALVEZ UMA HISTORIA DE AMOR,0
TAMARA,0
TANGERINE DREAM A REVOLUCAO DO SOM,0
TAO FELIZ QUANTO POSSIVEL,0
TARDE PARA MORRER JOVEM,0
TATUAGENS FALSAS  MOSTRA QUEBEC,0
TE PEGUEI,0
TECHNOBOSS,1
TECNICA DE UM DELATOR,0
TED BUNDY  A IRRESISTIVEL FACE DO MAL,1
TEERA CIDADE DO AMOR,0
TEMPESTADE PLANETA EM FURIA,0
TEMPO COMUM,0
TEMPO E  ZE LUIZ DO IMPERIO,0
TEMPO PASSADO NO MEU PRESENTE,0
TEMPORADA,0
TEMPOS MODERNOS,0
TENDA DOS MILAGRES,0
TERMINAL PRAIA GRANDE,0
TERRA DAS CINZAS,0
TERRA E LUZ,0
TERRA EM TRANSE,0
TERRA SAGRADA,0
TERRA SELVAGEM,0
TERRAMAE,0
TERREMOTO,1
TESNOTA,0
TESOROS,0
TESTEMUNHA INVISIVEL,0
TEU MUNDO NAO CABE NOS MEUS OLHOS,0
THE BRAWLER,0
THE BURIAL OF KOJO,0
THE CAPOTE TAPES,0
THE CLEANERS,0
THE CLIMB,1
THE CURE  LIVE IN HYDE,0
THE DRIFTERS,0
THE FEAR OF LOOKING UP,0
THE KINGMAKER,1
THE KITCHEN BY FRANK  CHARLES PREPARA O REI DO SHOW,0
THE LAKE VAMPIRE,0
THE LODGE,0
THE POST  A GUERRA SECRETA,0
THE SQUARE  A ARTE DA DISCORDIA,0
THE VILLAINESS,0
THE WOUNDED ANGEL,0
THELMA,0
THEY,0
THF  AEROPORTO CENTRAL,0
THIRST STREET,0
THOR RAGNAROK,0
TIA CIATA,0
TINHA QUE SER ELE,0
TINTA BRUTA,0
TIO DREW,0
TITICUT FOLLIES,0
TITO E OS PASSAROS,0
TOC  TRANSTORNADA OBSESSIVA COMPULSIVA,0
TODA NUDEZ SERA CASTIGADA,0
TODAS AS CANCOES DE AMOR,0
TODAS AS RAZOES PARA ESQUECER,0
TODO CLICHE DO AMOR,0
TODO DIA,0
TODO O DINHEIRO DO MUNDO,0
TODOS JA SABEM,0
TODOS OS OUTROS,0
TODOS OS PAULOS DO MUNDO,0
TOKYO GHOUL,1
TOLKIEN,1
TOM OF FINLAND,1
TOMB RAIDER  A ORIGEM,1
TONGUES UNTIED,1
TONI MORRISON AS MUITAS QUE EU SOU,0
TOP OF THE LAKE CHINA GIRL,1
TORNEIO FIFA SOCCER 17,0
TORQUATO NETO  TODAS AS HORAS DO FIM,0
TORRE  UM DIA BRILHANTE,0
TORRE DAS DONZELAS,1
TOUKI BOUKI A VIAGEM DA HIENA,0
TOUR DE FRANCE,0
TOY STORY 4,1
TRABALHAR CANSA,0
TRAFFIK  LIBERDADE ROUBADA,0
TRAGAMME A CABECA DE CARMEN M,1
TRAGAMME A CABECA DE CARMEN M  MOSTRA CAVIDEO,1
TRAMA FANTASMA,0
TRANSFORMERS O ULTIMO CAVALEIRO,1
TRASOSMONTES,1
TREMORES,1
TRES ANUNCIOS PARA UM CRIME,0
TRES ESTRANHOS IDENTICOS,1
TRES FACES,1
TRES HOMENS EM CONFLITO,1
TRES VEROES,1
TRIPAS DE ANJO SALA VERMELHA,0
TRISTEZA E ALEGRIA NA VIDA DAS GIRAFAS,0
TROCA DE RAINHAS,0
TRON  UMA ODISSEIA ELETRONICA,0
TSCHICK,0
TSE,0
TUDO ACABA EM FESTA,0
TUDO E IRRELEVANTE,0
TUDO E IRRELEVANTE HELIO JAGUARIBE,0
TUDO E PROJETO,0
TUDO E TODAS AS COISAS,0
TUDO O QUE TIVEMOS,0
TUDO O QUE VOCE QUER,0
TUDO POR UM POP STAR,0
TUDO QUE QUERO,0
TUDO QUE VOCE QUER,0
TUDO SOBRE YVES,0
TULIPANI AMOR HONRA E UMA BICICLETA,0
TULLY,1
TUMULOS SEM NOME,0
TUNGA  O ESQUECIMENTO DAS PAIXOES,0
TUNGSTENIO,1
TURANDOT,1
TURMA DA MONICA  LACOS,0
TWAAGA,0
TYREL,1
UGLYDOLLS,1
ULTIMOS DIAS EM HAVANA,0
ULTIMOS HOMENS EM ALEPPO,0
ULTRAJE,0
UM AMANTE FRANCES,0
UM AMOR IMPOSSIVEL,0
UM AMOR INESPERADO,0
UM ATO DE ESPERANCA,0
UM BAILE DE MASCARAS,0
UM BANHO DE VIDA,0
UM CAVALO CHAMADO ELEFANTE,0
UM DIA,0
UM DIA DE CHUVA EM NOVA YORK,1
UM DIA MUITO CLARO,1
UM DIA PARA VIVER,1
UM ELEFANTE SENTADO QUIETO,1
UM ESPIAO ANIMAL,1
UM FUNERAL EM FAMILIA,1
UM HOMEM CHAMADO OVE,0
UM HOMEM COM UMA CAMERA,0
UM HOMEM COMUM,1
UM HOMEM DE FAMILIA,1
UM HOMEM FIEL,1
UM INSTANTE DE AMOR,1
UM JOGO SERIO,1
UM LIMITE ENTRE NOS,1
UM LINDO DIA NA VIZINHANCA,1
UM LUGAR CHAMADO NOTTING HILL,1
UM LUGAR SILENCIOSO,1
UM LUGAR SILENCIOSO  PARTE 2,1
UM PEQUENO FAVOR,1
UM PERFIL PARA DOIS,1
UM SEGREDO EM PARIS,0
UM TIO QUASE PERFEITO,0
UMA  LUZ DOS HIMALAIAS,0
UMA AGENTE MUITO LOUCA,0
UMA AVENTURA LEGO 2,0
UMA CASA A BEIRAMAR,0
UMA CRIATURA GENTIL,0
UMA DAMA DE OCULOS ESCUROS COM UMA ARMA NO CARRO,0
UMA DOBRA NO TEMPO,0
UMA ESCALA EM PARIS,0
UMA ESPECIE DE FAMILIA,0
UMA FABRICA DE PAO  PARTE UM,0
UMA FAMILIA,0
UMA FAMILIA DE DOIS,0
UMA FAMILIA FELIZ,0
UMA GAROTA CHAMADA MARINA,0
UMA HISTORIA PARA OS MODLIN,0
UMA JANELA PARA O MAR,0
UMA MULHER ALTA,1
UMA MULHER CHAMADA SADA ABE,0
UMA MULHER EXTRAORDINARIA,0
UMA MULHER FANTASTICA,0
UMA NOITE DE 12 ANOS,0
UMA NOITE NAO E NADA,0
UMA NOVA CHANCE,0
UMA QUASE DUPLA,0
UMA QUESTAO PESSOAL,0
UMA RAZAO PARA RECOMECAR,0
UMA RAZAO PARA VIVER,0
UMA RUA CHAMADA PECADO,0
UMA SEGUNDA CHANCE PARA AMAR,0
UMA TEMPORADA NA FRANCA,0
UMA VERDADE MAIS INCONVENIENTE,0
UMA VIAGEM INESPERADA,0
UMA VIDA INTERESSANTE,0
UMA VIDA OCULTA,0
UNA,0
UNICORNIO,0
URIHI HAROMATIPE  CURADORES DA TERRAFLORESTA,0
URUGUAI NA VANGUARDA,0
UTAMARO E SUAS CINCO MULHERES,0
UTOYA  22 DE JULHO,0
VA E VEJA,0
VAI QUE COLA 2  O COMECO,0
VALERIAN E A CIDADE DOS MIL PLANETAS,0
VAMPIROS,0
VAN GOGH  NO PORTAL DA ETERNIDADE,0
VARDA POR AGNES,0
VARIACOES DE CASANOVA,0
VAZANTE,0
VELOCIPASTOR,0
VELOZES  FURIOSOS 8,1
VELOZES  FURIOSOS HOBBS  SHAW,1
VENDESE ESTA MOTO,0
VENEZA,0
VENEZIA,0
VENOM,0
VENTOS,0
VENTOS DA LIBERDADE,0
VERAO,0
VERAO 1993,0
VERAO DANADO,0
VERAO DE 84,0
VERAO EM RILDAS,0
VERDADE OU DESAFIO,0
VERGEL,1
VERMELHO SOL,0
VERSOES DE UM CRIME,0
VIAJANTES DE GUERRA,0
VICE,0
VICTORIA E ABDUL O CONFIDENTE DA RAINHA,0
VIDA,0
VIDA DE DOLEIRO,0
VIDA EM FAMILIA,0
VIDAS A DERIVA,0
VIDAS DUPLAS,0
VIDAS SECAS,0
VIDEODROME A SINDROME DO VIDEO,0
VIDRO,0
VINGADORES GUERRA INFINITA,1
VINGADORES ULTIMATO,1
VINGANCA,0
VINGANCA A SANGUE FRIO,1
VINTE DIAS SEM GUERRA,1
VIRADA CINEMATOGRAFICA,0
VIRGENS ACORRENTADAS,0
VIRUS TROPICAL,0
VISAGES VILLAGES,0
VISION,1
VITALINA VARELA,0
VIVA  A VIDA E UMA FESTA,1
VIVA RIVA,0
VIVENDO E SABENDO QUE SE ESTA VIVO,0
VIVER PARA CANTAR,0
VOCE NAO ESTAVA AQUI,1
VOCE NAO SABE QUEM EU SOU,1
VOCE NUNCA ESTEVE REALMENTE AQUI,1
VOU NADAR ATE VOCE,1
VOX LUX  O PRECO DA FAMA,1
WAJIB  UM CONVITE DE CASAMENTO,0
WALLE  O PEQUENO CIENTISTA,1
WASP NETWORK,1
WEIHAI,0
WESTERN,0
WESTERN STARS,0
WESTWOOD  PUNK ICONE ATIVISTA,0
WHEELY  VELOZES E DIVERTIDOS,0
WHITE BOY RICK,1
WIFI RALPH,1
WOODSTOCK  3 DIAS DE PAZ AMOR E MUSICA,1
W?™LU,0
XINGU CARIRI CARUARU CARIOCA,0
XMEN  FENIX NEGRA,1
XXX REATIVADO,0
XY CHELSEA,0
YARA,0
YEELEN  A LUZ,0
YEMA,0
YESTERDAY,0
YOMEDDINE,0
YONLU,0
YOU SHOULD MEET MY SON 21,0
YOUR NAME,0
Z  A CIDADE PERDIDA,1
Z  O CLASSICO,0
ZAATARI  MEMORIAS DO LABIRINTO,0
ZAMA,0
ZENNA CAFFE PREPARA PEGANDO FOGO,0
ZERO EM COMPORTAMENTO,0
ZOMBI CHILD,0
ZUMBILANDIA  ATIRE DUAS VEZES,0
ZUZA HOMEM DE JAZZ,0
ZVIRUS  ESCAPE ROUTE,0
