"";"x"
"1";"10 SEGUNDOS PARA VENCER"
"2";"10° FESTIVAL DE CINEMA ITALIANO"
"3";"100 QUILOS DE ESTRELAS"
"4";"10A SEMANA DE CINEMA"
"5";"12 DIAS"
"6";"12 HEROIS"
"7";"120 BATIMENTOS POR MINUTO"
"8";"150 MILIGRAMAS"
"9";"1517  TREM PARA PARIS"
"10";"1917"
"11";"1930  TEMPO DE REVOLUCAO E 32  A GUERRA CIVIL"
"12";"1945"
"13";"1984  O FUTURO DO MUNDO"
"14";"2010  O ANO EM QUE FAREMOS CONTATO"
"15";"21 NOITES COM PATTIE"
"16";"22 MILHAS"
"17";"222  ENCONTRO MARCADO"
"18";"24 HORAS NA VIDA DE UM PALHACO  O SILENCIO DO MAR"
"19";"2ª ETAPA CBLOL PARQUE FARROUPILHA 2018"
"20";"3 FACES"
"21";"30 ANOS BLUES"
"22";"30 ANOS DE SUPEROUTRO"
"23";"30 DIAS  UM CARNAVAL ENTRE A ALEGRIA E A DESILUSAO"
"24";"35  O ASSALTO AO PODER"
"25";"45 DIAS SEM VOCE"
"26";"50 SAO OS NOVOS 30"
"27";"522 UM GATO UM CHINES E MEU PAI"
"28";"5T2 USHUAIA  TOPONIMIA"
"29";"7 DESEJOS"
"30";"8X ANIMACAO"
"31";"A ABELHINHA MAYA  O FILME"
"32";"A ALIANCA"
"33";"A AMANTE"
"34";"A APARICAO"
"35";"A ARVORE"
"36";"A ARVORE DOS FRUTOS SELVAGENS"
"37";"A ARVORE DOS TAMANCOS"
"38";"A AUTOPSIA"
"39";"A BAILARINA"
"40";"A BATALHA DAS CORRENTES"
"41";"A BELA DA TARDE"
"42";"A BELA E A FERA"
"43";"A BELA INTRIGANTE"
"44";"A BUSCA DO CHEFE DUCASSE"
"45";"A BUSCA DO LUCRO E O SUSSURRO DO VENTO"
"46";"A CABANA"
"47";"A CABECA DE GUMERCINDO SARAIVA"
"48";"A CADA MOMENTO"
"49";"A CAMA"
"50";"A CAMAREIRA"
"51";"A CAMERA DE CLAIRE"
"52";"A CAMINHO DE CASA"
"53";"A CANCAO DA TERRA NATAL"
"54";"A CASA DE VERANEIO"
"55";"A CASA DO MEDO  INCIDENTE EM GHOSTLAND"
"56";"A CASA QUE JACK CONSTRUIU"
"57";"A CHANCE DE FAHIM"
"58";"A CIAMBRA"
"59";"A CIDADE DO FUTURO"
"60";"A CIDADE DOS PIRATAS"
"61";"A CIDADE SEM JUDEUS"
"62";"A CINCO PASSOS DE VOCE"
"63";"A COMEDIA DIVINA"
"64";"A CONEXAO"
"65";"A COR DO OCEANO"
"66";"A COSTUREIRA DE SONHOS"
"67";"A CRIADA"
"68";"A CRIANCA LGBT EXISTEXAVIERNASSERTAKE YOURGOLD"
"69";"A CURA"
"70";"A DESTRUICAO DE BERNARDET"
"71";"A DIVISAO"
"72";"A DONZELA DA NEVE"
"73";"A DUPLA JORNADA  NAO E HORA DE CHORAR"
"74";"A EFEMERIDADE DO PARAISO"
"75";"A ESPERA"
"76";"A ESPIA VERMELHA"
"77";"A ESPOSA"
"78";"A ESTACAO DE TREM  FABRICA"
"79";"A ESTETICISTA"
"80";"A ESTRELA DE BELEM"
"81";"A EXCENTRICA FAMILIA DE GASPARD"
"82";"A EXPLORACAO DA ANTARTIDA"
"83";"A FABRICA DE NADA"
"84";"A FACE NEGRA DO AMOR"
"85";"A FAMILIA ADDAMS"
"86";"A FAMILIA BELIER"
"87";"A FANTASTICA FABRICA DE CHOCOLATE  1971"
"88";"A FANTASTICA FORMULA DO DR FUNES"
"89";"A FANTASTICA VIAGEM DE MARONA"
"90";"A FAVORITA"
"91";"A FAVORITA  OPERA"
"92";"A FEBRE"
"93";"A FERA NA SELVA"
"94";"A FESTA"
"95";"A FILHA"
"96";"A FILOSOFIA NA ALCOVA"
"97";"A FORMA DA AGUA"
"98";"A FREIRA"
"99";"A GANHAPAO"
"100";"A GAROTA COM A PULSEIRA"
"101";"A GAROTA DA PULSEIRA"
"102";"A GAROTA DO ARMARIO"
"103";"A GAROTA NA NEVOA"
"104";"A GAROTA OCIDENTAL  ENTRE O CORACAO E A TRADICAO"
"105";"A GENTE"
"106";"A GERACAO DA RIQUEZA"
"107";"A GRANDE DAMA DO CINEMA"
"108";"A GRANDE JOGADA"
"109";"A GRANDE MENTIRA"
"110";"A GRANDE MURALHA"
"111";"A GRANDE MURALHA IMS"
"112";"A GRANDE MURALHA VERDE"
"113";"A GREVE"
"114";"A GUERRA DOS SEXOS"
"115";"A HISTORIA DE UM SILVA  MOSTRA ESTREIAS CARIOCAS"
"116";"A HISTORIA DE UM SONHO  TODAS AS CASAS DO TIMAO"
"117";"A HISTORIA IMORTAL"
"118";"A HORA DA SUA MORTE"
"119";"A IMAGEM DA TOLERANCIA"
"120";"A INTERRUPCAO"
"121";"A INVOCACAO"
"122";"A INVOCACAO 2"
"123";"A JANELA DA ALMA"
"124";"A JAQUETA DE COURO DE CERVO"
"125";"A JUIZA"
"126";"A JUSTICEIRA"
"127";"A LEI DA NOITE"
"128";"A LENDA DE GOLEM"
"129";"A LIBERDADE DO DIABO"
"130";"A LIVRARIA"
"131";"A LONGA CAMINHADA"
"132";"A LUTA DE STEVE"
"133";"A LUZ"
"134";"A LUZ DO TOM"
"135";"A LUZ NO FIM DO MUNDO"
"136";"A MALDICAO DA CASA WINCHESTER"
"137";"A MALDICAO DA CHORONA"
"138";"A MALDICAO DA FREIRA"
"139";"A MALDICAO DO ESPELHO"
"140";"A MALDITA"
"141";"A MARATONA DE BRITTANY"
"142";"A MARCA DO ASSASSINO"
"143";"A MATA NEGRA"
"144";"A MELHOR ESCOLHA"
"145";"A MELHOR JUVENTUDE  PARTE 1"
"146";"A MELHOR JUVENTUDE  PARTE 2"
"147";"A MENINA E O LEAO"
"148";"A MENINA INDIGO"
"149";"A MENINA SANTA"
"150";"A MESA NO DESERTO MOTORRAD"
"151";"A MISSA DO GALO"
"152";"A MISSA DO GALO  UM LADRAO"
"153";"A MOCA DO CALENDARIO"
"154";"A MORTE DE LUIS XIV"
"155";"A MORTE DE STALIN"
"156";"A MORTE DO CINEMA"
"157";"A MORTE TE DA PARABENS"
"158";"A MORTE TE DA PARABENS 2"
"159";"A MULA"
"160";"A MULHER DA LUZ PROPRIA"
"161";"A MULHER DO MEU MARIDO"
"162";"A MULHER SEM CABECA"
"163";"A MUMIA"
"164";"A MUSICA DA MINHA VIDA"
"165";"A MUSICA DE GION"
"166";"A MUSICA DO TEMPO  DO SONHO DO IMPERIO AO IMPERIO DO SONHO"
"167";"A MUSICA SEGUNDO ANTONIO CARLOS JOBIM"
"168";"A MUSICA SEGUNDO TOM JOBIM"
"169";"A NATUREZA DO TEMPO"
"170";"A NEVOA VERDE"
"171";"A NOITE AMARELA"
"172";"A NOITE DEVOROU O MUNDO"
"173";"A NOITE DO JOGO"
"174";"A NOITE DOS MORTOS VIVOS"
"175";"A NOIVA"
"176";"A NOIVA DO DESERTO"
"177";"A NOSSA BANDEIRA JAMAIS SERA VERMELHA"
"178";"A NOSSA ESPERA"
"179";"A NOVA SAGA DO CLA TAIRA"
"180";"A NUMERO UM"
"181";"A ODISSEIA"
"182";"A ODISSEIA DOS TONTOS"
"183";"A OPERA DE PARIS"
"184";"A ORIGEM DO DRAGAO"
"185";"A ORIGEM DOS GUARDIOES"
"186";"A OUTRA HISTORIA DO MUNDO"
"187";"A OUTRA MULHER"
"188";"A PAIXAO DE AUGUSTINE MOSTRA QUEBEC"
"189";"A PALAVRA"
"190";"A PARTE DO MUNDO QUE ME PERTENCE"
"191";"A PE ELE NAO VAI LONGE"
"192";"A PEDRA"
"193";"A PEDRA DA SERPENTE"
"194";"A PEQUENA TRAVESSA"
"195";"A PERMANENCIA"
"196";"A PONTE DO RIO KWAI"
"197";"A POSSESSAO DE MARY"
"198";"A PRECE"
"199";"A PRIMEIRA NOITE DE CRIME"
"200";"A PRIMEIRA NOITE DE UM HOMEM"
"201";"A PRINCESA DE ELYMIA"
"202";"A PRINCESA YANG KWEI FEI"
"203";"A PRISIONEIRA DO CAUCASO"
"204";"A PROFECIA"
"205";"A PROFESSORA DE MUSICA"
"206";"A PROMESSA"
"207";"A PROPOSITO DE NICE  TARIS REI DA AGUA"
"208";"A PULGA ALEGRE  DA SERIE QUATRO IRMAS"
"209";"A QUARTA PAREDE"
"210";"A QUEDA DO IMPERIO AMERICANO"
"211";"A QUIETUDE"
"212";"A RAINHA DO MEDO"
"213";"A RAIVA DOS INUK  MOSTRA QUEBEC"
"214";"A RAPOSA MA"
"215";"A REBELIAO"
"216";"A RESISTENCIA DE INGA"
"217";"A REVOLUCAO EM PARIS"
"218";"A ROSA AZUL DE NOVALIS"
"219";"A ROTA SELVAGEM"
"220";"A ROTINA TEM SEU ENCANTO"
"221";"A SEREIA  LAGO DOS MORTOS"
"222";"A SOMBRA DE DUAS MULHERES"
"223";"A SOMBRA DO PAI"
"224";"A SUPERFICIE DA SOMBRA"
"225";"A TABACARIA"
"226";"A TECNOLOGIA SOCIAL"
"227";"A TERCA PARTE DA NOITE"
"228";"A TERCEIRA MARGEM DO RIO"
"229";"A TERNURA"
"230";"A TERRA NEGRA DOS KAWA"
"231";"A TOCA DO LOBO IMS"
"232";"A TORRE"
"233";"A TORRE NEGRA"
"234";"A TRAMA"
"235";"A TROPA DE TRAPO NA SELVA DO ARCO IRIS"
"236";"A TURMA DO PEREREDOC"
"237";"A ULTIMA ABOLICAO"
"238";"A ULTIMA CHANCE"
"239";"A ULTIMA CRIANCA"
"240";"A ULTIMA GRAVACAO"
"241";"A ULTIMA LOUCURA DE CLAIRE DARLING"
"242";"A VALSA DE WALDHEIM"
"243";"A VENDEDORA DE FOSFOROS"
"244";"A VERDADE"
"245";"A VERDADEIRA HISTORIA DE NED KELLY"
"246";"A VIAGEM DE FANNY"
"247";"A VIDA APOS A VIDA"
"248";"A VIDA DE ALICE"
"249";"A VIDA DE DIANE"
"250";"A VIDA EM FAMILIA"
"251";"A VIDA EXTRAORDINARIA DE TARSO DE CASTRO"
"252";"A VIDA PROVISORIA"
"253";"A VILA"
"254";"A VINGANCA DOS 47 RONINS  PARTE 1"
"255";"A VINGANCA DOS 47 RONINS  PARTE II"
"256";"A VIRGEM DE AGOSTO"
"257";"A VIUVA ALEGRE"
"258";"A VOZ DO SILENCIO"
"259";"ABAIXO A GRAVIDADE"
"260";"ABE"
"261";"ABECEDARIO DO IZY"
"262";"ABIGAIL E A CIDADE PROIBIDA"
"263";"ABOMINAVEL"
"264";"ABRINDO O ARMARIO"
"265";"ACERTANDO O PASSO"
"266";"ACONTECEU NA QUARTA FEIRA"
"267";"ACONTECEU NA QUARTAFEIRA"
"268";"ACOSSADO"
"269";"ACQUA MOVIE"
"270";"ACRIMONIA  ELA QUER VINGANCA"
"271";"ACUCAR"
"272";"AD ASTRA  RUMO AS ESTRELAS"
"273";"ADAM"
"274";"ADAM 2018"
"275";"ADAMA"
"276";"ADEUS A NOITE"
"277";"ADEUS ENTUSIASMO"
"278";"ADIVINHE QUEM VEM PARA JANTAR IMS"
"279";"ADONIRAN  MEU NOME E JOAO RUBINATO"
"280";"ADORAVEIS MULHERES"
"281";"AFIRMATIVOS I"
"282";"AFTER"
"283";"AFTERLIFE"
"284";"AGUA FRIA"
"285";"AINDA TEMOS A IMENSIDAO DA NOITE"
"286";"ALADDIN"
"287";"ALANIS"
"288";"ALASKA"
"289";"ALBATROZ"
"290";"ALCATRAZ ESCAPADA IMPOSSIVEL 20  ESCAPE ROUTE"
"291";"ALELI"
"292";"ALEM DA MORTE"
"293";"ALEM DAS MONTANHAS"
"294";"ALEM DAS PALAVRAS"
"295";"ALEM DO HOMEM"
"296";"ALEX CAMERA 10"
"297";"ALFA"
"298";"ALGO DE NOVO"
"299";"ALGUEM COMO EU"
"300";"ALGUMA COISA ASSIM"
"301";"ALIADOS"
"302";"ALICE JUNIOR"
"303";"ALIEN COVENANT"
"304";"ALITA ANJO DE COMBATE"
"305";"ALMA IMORAL"
"306";"ALONG WITH THE GODS THE TWO WORLDS"
"307";"ALTAS EXPECTATIVAS"
"308";"ALUGASE UMA CASA COM TODOS OS INCONVENIENTES"
"309";"ALVA"
"310";"AMANDA"
"311";"AMANHA"
"312";"AMANHA CHEGOU"
"313";"AMANTE POR UM DIA"
"314";"AMANTES SAO MOLHADOS"
"315";"AMASAN"
"316";"AMAZING GRACE"
"317";"AMAZONIA  O DESPERTAR DA FLORESTANIA"
"318";"AMAZONIA GROOVE"
"319";"AMAZONIA SOCIEDADE ANONIMA"
"320";"AMBIENTE FAMILIAR"
"321";"AMEACA PROFUNDA"
"322";"AMIGO ARRIGO"
"323";"AMIGOS ALIENIGENAS"
"324";"AMIGOS PARA SEMPRE"
"325";"AMIGOS VERDADEIROS"
"326";"AMITYVILLE  O DESPERTAR"
"327";"AMOK"
"328";"AMOR A SEGUNDA VISTA"
"329";"AMOR A TODA VELOCIDADE"
"330";"AMOR ASSOMBRADO"
"331";"AMOR ATE AS CINZAS"
"332";"AMOR E DELINQUENCIA"
"333";"AMOR EM JOGO"
"334";"AMOR PARIS E CINEMA"
"335";"AMORCOM"
"336";"AMORES DE CHUMBO"
"337";"AMUNDSEN O EXPLORADOR"
"338";"ANA"
"339";"ANA E VITORIA"
"340";"ANAA"
"341";"ANASTASIA"
"342";"ANASTASIA THE ROYAL BALLET"
"343";"ANDE COMIGO"
"344";"ANDRE RIEU  VAMOS DANCAR"
"345";"ANDRE RIEU AMORE  MY TRIBUTE TO LOVE"
"346";"ANDREA CHENIER"
"347";"ANDREY TARKOVSKY UMA ORACAO DE CINEMA"
"348";"ANGEL VIANNA VOANDO COM OS PES NO CHAO"
"349";"ANGRY BIRDS 2  O FILME"
"350";"ANGUSTIA"
"351";"ANIMA MUNDI PARA CRIANCAS"
"352";"ANIMA MUNDI PARA CRIANCAS 2018"
"353";"ANIMACAO EM CURSO 1  2019"
"354";"ANIMACAO EM CURSO 2"
"355";"ANIMACAO EM CURSO 2  2019"
"356";"ANIMACAO EM CURSO 3"
"357";"ANIMACAO EM CURSO 3  2019"
"358";"ANIMACAO EM CURSO 4"
"359";"ANIMACAO EM CURSO 5"
"360";"ANIMAIS FANTASTICOS OS CRIMES DE GRINDELWALD"
"361";"ANIMAL POLITICO"
"362";"ANIMALDICOADOS"
"363";"ANIMALDICOADOS 1"
"364";"ANIMALDICOADOS 2"
"365";"ANIMATERNA  CURTAS INFANTIL 2"
"366";"ANIMATERNA  CURTAS INFANTIS 2"
"367";"ANIMATERNA CURTAS INFANTIL 1"
"368";"ANIMAZUL"
"369";"ANIME NIGHT  HEAVENS LOST PROPERTY MOVIE"
"370";"ANIME NIGHT  HETALIA AXIS POWERS PAINT IT WHITE"
"371";"ANIME NIGHT  LUZES NO CEU"
"372";"ANJOS VESTEM BRANCO"
"373";"ANNA  O PERIGO TEM NOME"
"374";"ANNA KARENINA  A HISTORIA DE VRONSKY"
"375";"ANNABELLE 2 A CRIACAO DO MAL"
"376";"ANNABELLE 3  DE VOLTA PARA CASA"
"377";"ANOS 90"
"378";"ANOS DOURADOS"
"379";"ANOTHER DAY OF LIFE"
"380";"ANTARTICA POR UM ANO"
"381";"ANTES DO FIM"
"382";"ANTES DO PORDOSOL"
"383";"ANTES QUE EU ME ESQUECA"
"384";"ANTES QUE EU VA"
"385";"ANTES QUE TUDO DESAPARECA"
"386";"ANTIPORNO"
"387";"ANTOLOGIA DA CIDADE FANTASMA"
"388";"ANTONIO UM DOIS TRES 2"
"389";"AO CAIR DA NOITE"
"390";"AO VIVO NA FRANCA"
"391";"AOS NOSSOS FILHOS"
"392";"AOS OLHOS DE ERNESTO"
"393";"AOS TEUS OLHOS"
"394";"APARECIDA  UM MUSICAL POR WALCYR CARRASCO"
"395";"APENAS UM GAROTO EM NOVA YORK"
"396";"APESAR DA NOITE"
"397";"APRENDIZ DE ESPIA"
"398";"APRESENTACAO ESPECIAL AARDMAN ANIMATIONS"
"399";"APRESENTACAO ESPECIAL OSWALDO"
"400";"AQUALOUCOS"
"401";"AQUAMAN"
"402";"AQUARELA"
"403";"AQUELES QUE FICARAM"
"404";"AQUI EM CASA TUDO BEM"
"405";"AR SAGRADO"
"406";"ARABIA"
"407";"ARAGON PREPARA DE ENCONTRO COM A VIDA"
"408";"ARAGON PREPARA DUAS DE MIM"
"409";"ARAGON PREPARA PARIS PODE ESPERAR"
"410";"ARGILA"
"411";"ARLEQUINA EM AVES DE RAPINA"
"412";"ARMAS NA MESA"
"413";"ARRANHACEU CORAGEM SEM LIMITE"
"414";"ART IN CINE JOIA I"
"415";"ARTEL"
"416";"ARTEL  O ANTIGO CEMITERIO JUDEU"
"417";"ARTO LINDSAY 4D"
"418";"ARVORES VERMELHAS"
"419";"AS AVENTURAS AMOROSAS DE UM PADEIRO  HISTORIAS QUE NOSSO CINEMA NAO CONTAVA DEBATE"
"420";"AS AVENTURAS DE FUJIWARA MANCHESTER"
"421";"AS AVENTURAS DE OZZY"
"422";"AS AVENTURAS DE TADEO"
"423";"AS AVENTURAS DE TADEO 2  O SEGREDO DO REI MIDAS"
"424";"AS AVENTURAS DO CAPITAO CUECA  O FILME"
"425";"AS AVENTURAS EXTRAORDINARIAS DE MR WEST NA TERRA DOS BOLCHEVIQUES"
"426";"AS BOAS MANEIRAS"
"427";"AS CORES DA SERPENTE"
"428";"AS DIABOLICAS"
"429";"AS DUAS IRENES"
"430";"AS ENTREVISTAS DE PUTIN"
"431";"AS FALSAS CONFIDENCIAS"
"432";"AS FILHAS DO FOGO"
"433";"AS GOLPISTAS"
"434";"AS HERDEIRAS"
"435";"AS INESES"
"436";"AS INVISIVEIS"
"437";"AS IRMAS DE GION"
"438";"AS LOUCURAS DE ROSE"
"439";"AS MIL MULHERES  MOSTRA ESTREIAS CARIOCAS"
"440";"AS MISANDRICAS"
"441";"AS ONDAS"
"442";"AS PANTERAS"
"443";"AS PRIMEIRAS FERIAS NAO SE ESQUECE JAMAIS"
"444";"AS RAINHAS DA TORCIDA"
"445";"AS TRAPACEIRAS"
"446";"AS VIUVAS"
"447";"ASAKO I  II"
"448";"ASPROMONTE  TERRA DOS ESQUECIDOS"
"449";"ASSASSINATO NO EXPRESSO DO ORIENTE"
"450";"ASSASSINS CREED"
"451";"ASSIM E A VIDA"
"452";"ASSUNTO DE FAMILIA"
"453";"ASTERIX E O SEGREDO DA POCAO MAGICA"
"454";"ATE LOGO MEU FILHO"
"455";"ATE NUNCA MAIS"
"456";"ATE O PROXIMO DOMINGO"
"457";"ATE O ULTIMO HOMEM"
"458";"ATENTADO AO HOTEL TAJ MAHAL"
"459";"ATERRADOS"
"460";"ATOMICA"
"461";"ATRAS HA RELAMPAGOS"
"462";"ATRAVES DE UM ESPELHO"
"463";"ATRAVES DO FOGO"
"464";"ATTACK ON TITAN"
"465";"ATTACK ON TITAN FIM DO MUNDO"
"466";"ATTILA"
"467";"AULASEVENTO COM DODO AZEVEDO"
"468";"AUTO DE RESISTENCIA"
"469";"AUTOCRITICA DE UM CAO BURGUES"
"470";"AVENTURA DOS BRINQUEDOS"
"471";"AVENTURAS DOS BRINQUEDO"
"472";"AVISEM QUE ESTAMOS CHEGANDO A HISTORIA DAS UNIVERSIDADES NEGRAS"
"473";"AYKA"
"474";"AYRTON SENNA  O MUSICAL"
"475";"AZ"
"476";"AZOUGUE NAZARE"
"477";"AZYLLO MUITO LOUCO"
"478";"BAARA  O TRABALHO"
"479";"BABENCO  ALGUEM TEM QUE OUVIR O CORACAO E DIZER PAROU"
"480";"BACURAU"
"481";"BAD BOYS PARA SEMPRE"
"482";"BAIKONUR TERRA"
"483";"BALADA SANGRENTA"
"484";"BALLET BOLSHOI  A BELA ADORMECIDA"
"485";"BALLET BOLSHOI  O CORSARIO"
"486";"BALLET BOLSHOI CARMEM E PETRUSHKA"
"487";"BALLET BOLSHOI CARMEN SUITE  PETROUCHKA"
"488";"BALLET BOLSHOI COPPELIA"
"489";"BALLET BOLSHOI UM HEROI DO NOSSO TEMPO"
"490";"BALLET BOLSHOI UMA NOITE CONTEMPORANEA"
"491";"BANANA IS MY BUSINESS"
"492";"BANDEIRA DE RETALHOS"
"493";"BANDO UM FILME DE"
"494";"BANG BANG"
"495";"BANGLA"
"496";"BANQUETE COUTINHO"
"497";"BARBARA"
"498";"BARKLEY"
"499";"BARONESA"
"500";"BARRABAS"
"501";"BARRAGE"
"502";"BARREIRAS"
"503";"BARRETAO"
"504";"BASEADO EM FATOS REAIS"
"505";"BASED ON A TRUE STORY"
"506";"BATALHAS INTIMAS"
"507";"BATE CORACAO"
"508";"BATMAN  O FILME 1989"
"509";"BAYWATCH  SOS MALIBU"
"510";"BE NATURAL A HISTORIA NAO CONTADA DA PRIMEIRA CINEASTA DO MUNDO"
"511";"BEIJO DE SAL  LAURA"
"512";"BELEZA OCULTA"
"513";"BELLINI PREPARA DE ENCONTRO COM A VIDA"
"514";"BELLINI PREPARA SOB O SOL DA TOSCANA"
"515";"BELMONTE"
"516";"BELO MONTE  UM MUNDO ONDE TUDO E POSSIVEL"
"517";"BEMVINDO A ALEMANHA"
"518";"BENZINHO"
"519";"BERENICE"
"520";"BERENICE PROCURA"
"521";"BERGMAN  100 ANOS"
"522";"BERLIMJERUSALEM"
"523";"BERTHE MORISOT"
"524";"BETTY THEY SAY IM DIFFERENT"
"525";"BEUYS"
"526";"BIG PAI BIG FILHO"
"527";"BIMI SHU YKAYA"
"528";"BINGO O REI DAS MANHAS"
"529";"BIO  CONSTRUINDO UMA VIDA"
"530";"BISBEE 17"
"531";"BISTROT PARIGI PREPARA COMO SE FOSSE A PRIMEIRA VEZ"
"532";"BISTROT PARIGI PREPARA ENCONTRO DE CASAIS"
"533";"BIXA TRAVESTY"
"534";"BLACK SABBATH  THE END OF THE END"
"535";"BLADE RUNNER 2049"
"536";"BLITZ O FILME"
"537";"BLOODSHOT"
"538";"BLOQUEIO"
"539";"BLOQUEIO BLOKADA"
"540";"BLUE NOTE IT MUST SCHWING"
"541";"BO"
"542";"BOAS INTENCOES"
"543";"BOB O JOGADOR"
"544";"BOCA DE OURO"
"545";"BOCA DE OURO 1963"
"546";"BOHEMIAN RHAPSODY"
"547";"BOLSHOI BALLET THE SLEEPING BEAUTY"
"548";"BOM COMPORTAMENTO"
"549";"BOMBASTICA A HISTORIA DE HEDY LAMARR"
"550";"BONECO DE NEVE"
"551";"BONIFACIO  O FUNDADOR DO BRASIL"
"552";"BONNIE BEARS  AVENTURA EM MINIATURA"
"553";"BORA RIR  STAND UP COMEDY  ITABORAI 1402"
"554";"BORA RIR  STAND UP COMEDY  RECREIO"
"555";"BORDER"
"556";"BORG VS MCENROE"
"557";"BORIS GODUNOV"
"558";"BORRASCA"
"559";"BOSQUE DE NEVOA"
"560";"BRANCA COMO A NEVE"
"561";"BRANCO  PRATA"
"562";"BRASILIA 18"
"563";"BRAVESTORM"
"564";"BRAWL IN CELL BLOCK 99"
"565";"BRAZ TRATTORIA PREPARA SEM RESERVAS"
"566";"BREVE HISTORIA DO PLANETA VERDE"
"567";"BREVE MIRAGEM DE SOL"
"568";"BRIGHTBURN  FILHO DAS TREVAS"
"569";"BRIGSBY BEAR"
"570";"BRINCANDO COM FOGO"
"571";"BRINQUEDO ASSASSINO"
"572";"BRINQUEDO ASSASSINO 1988"
"573";"BROOKLYN  SEM PAI NEM MAE"
"574";"BTS  BRING THE SOUL THE MOVIE"
"575";"BTS  BURN THE STAGE THE MOVIE"
"576";"BTS WORLD TOUR LOVE YOURSELF IN SEOUL"
"577";"BUDDIES"
"578";"BUGIGANGUE NO ESPACO"
"579";"BULBUL PODE CANTAR"
"580";"BUMBLEBEE"
"581";"BUNGO STRAY DOGS DEAD APPLE"
"582";"BUNUEL EN EL LABERINTO DE LAS TORTUGAS"
"583";"BUSCANDO"
"584";"BYE BYE ALEMANHA"
"585";"BYE BYE BRASIL"
"586";"BYE BYE JAQUELINE"
"587";"CACHORROS"
"588";"CADA VEZ MAIS LONGE"
"589";"CADAVER"
"590";"CADAVERES BRONZEADOS"
"591";"CADE VOCE BERNADETTE"
"592";"CAES DE ALUGUEL"
"593";"CAES DO ESPACO"
"594";"CAFARNAUM"
"595";"CAFE COM CANELA"
"596";"CAFE UM DEDO DE PROSA"
"597";"CALLADO"
"598";"CALMARIA"
"599";"CAMARA DE ESPELHOS"
"600";"CAMINHO DO MAR"
"601";"CAMINHOS CRUZADOS"
"602";"CAMINHOS MAGNETYKOS"
"603";"CAMOCIM"
"604";"CAMPEONATO SERIE C 2017  TOMBENSE X CSA"
"605";"CAMPO"
"606";"CANCAO SEM NOME"
"607";"CANDEIA"
"608";"CANIBAIS ASSASSINOS  ESFAQUEADORES"
"609";"CANO SERRADO"
"610";"CANTANDO COM BOHEMIAN RHAPSODY"
"611";"CAO DE GUARDA"
"612";"CAPITA MARVEL"
"613";"CAPITAO MORTEN E A RAINHA ARANHA"
"614";"CARAVAGGIO  A ALMA E O SANGUE"
"615";"CARCEREIROS  O FILME"
"616";"CARLINHOS E CARLAO"
"617";"CARMEN  INSTITUTO MOREIRA SALLES"
"618";"CARMEN  LOLA"
"619";"CARNAVAL ATLANTIDA"
"620";"CARNIVORAS"
"621";"CAROLE ROUSSOPOULOS UMA MULHER A FRENTE DA CAMERA"
"622";"CAROLINA EM OUTRAS FACES"
"623";"CARROS 3"
"624";"CARTA BRANCA  ISMAIL XAVIER  UM CORPO QUE CAI"
"625";"CARTA DE AMOR A ZULU"
"626";"CARTA PARA ALEM DOS MUROS"
"627";"CARTA REGISTRADA"
"628";"CARTAS PARA UM LADRAO DE LIVROS"
"629";"CARTEIRO"
"630";"CARTOON APRESENTA TURMA DA MONICA"
"631";"CARVANA"
"632";"CASA GRANDE E SENZALA 1 PARTE"
"633";"CASA GRANDE E SENZALA 2 PARTE"
"634";"CASA RAVIOLI PREPARA A 100 PASSOS DE UM SONHO"
"635";"CASA RAVIOLI PREPARA UMA DOCE DISPUTA"
"636";"CASA ROSHELL"
"637";"CASAL IMPROVAVEL"
"638";"CASTELO DE SONHOS"
"639";"CATS"
"640";"CATS  APRESENTACAO DE DANCA E MUSICA AO VIVO"
"641";"CAVALOS NA JANELA"
"642";"CAVALOS ROUBADOS"
"643";"CDZ  ALMA DE OURO EPS 01 AO 06"
"644";"CDZ  ALMA DE OURO EPS 07 AO 13"
"645";"CEMITERIO MALDITO"
"646";"CEMITERIO MALDITO 1989"
"647";"CENTAURO"
"648";"CENTRAL DO BRASIL"
"649";"CEZANNE E EU"
"650";"CHA COM AS DAMAS"
"651";"CHACRINHA  O VELHO GUERREIRO"
"652";"CHAO"
"653";"CHAPLIN"
"654";"CHATEAU"
"655";"CHATEAU  PARIS"
"656";"CHEFES DE SALAS DE ROTEIRO  BRPLOT"
"657";"CHEGA DE FIU FIU"
"658";"CHEZ JOLIE COIFFUER"
"659";"CHICUAROTES"
"660";"CHOCANTE"
"661";"CHORAO MARGINAL ALADO"
"662";"CHORAR DE RIR"
"663";"CHRISTOPHER ROBIN  UM REENCONTRO INESQUECIVEL"
"664";"CHURCHILL"
"665";"CHUVA E CANTORIA NA ALDEIA DOS MORTOS"
"666";"CICATRIZES"
"667";"CICCIOLINA  MADRINHA DO ESCANDALO"
"668";"CIDADAO K"
"669";"CIDADE DE FANTASMAS  FESTIVAL E TUDO VERDADE"
"670";"CIDADE INVISIVEL"
"671";"CIDADES FANTASMAS"
"672";"CIGANOS DA CIAMBRA"
"673";"CINDERELA"
"674";"CINDERELA E O PRINCIPE SECRETO"
"675";"CINDERELA POP"
"676";"CINE ACADEMIA NPS"
"677";"CINE CARTOON  ESPECIAL JOVENS HEROIS"
"678";"CINE CARTOON  ESPECIAL OSWALDO"
"679";"CINE CARTOON  IRMAO DO JOREL  ESPECIAL ALUCINANTE"
"680";"CINE COREIA"
"681";"CINE HOLLIUDY 2  A CHIBATA SIDERAL"
"682";"CINE NOS DO MORRO"
"683";"CINEASTAS DO NOSSO TEMPO SOULEYMANE CISSE  CURTAS"
"684";"CINECLUBE LGBT  15 ANOS MENINAS MALVADAS"
"685";"CINECLUBE LGBT  20 ANOS DE SEGUNDAS INTENCOES"
"686";"CINECLUBE LGBT ELVIRA  PERFORMANCE"
"687";"CINECLUBE LGBT GLEE 10 ANOS"
"688";"CINECLUBE SINGALONG CHICAGO"
"689";"CINECLUBE WALTER DA SILVEIRA"
"690";"CINECLUBELGBT IS BURNING FILME PERFOMANCE E MINI BALL"
"691";"CINECOMEDY  FESTIVAL DE HUMOR HAHAHA"
"692";"CINECOMEDY  LEANDRO PORTIOLLI"
"693";"CINECOMEDY  MORUMBI"
"694";"CINECOMEDY  NEM TALENTO TEM"
"695";"CINECOMEDY LONDRINA"
"696";"CINECOMEDY RODRIGO CACERES"
"697";"CINEJORNAL"
"698";"CINEMA ASPIRINAS E URUBUS"
"699";"CINQUENTA PRIMAVERAS"
"700";"CINQUENTA TONS DE LIBERDADE"
"701";"CINQUENTA TONS MAIS ESCUROS"
"702";"CIRCULO DE FOGO"
"703";"CIRCULO DE FOGO A REVOLTA"
"704";"CIRCULO SINISTRO"
"705";"CLARA ESTRELA"
"706";"CLASH"
"707";"CLASSICOS 2018 INTRIGA INTERNACIONAL"
"708";"CLASSICOS DO CINEMA IV"
"709";"CLASSICOS DO CINEMA VI"
"710";"CLASSICOS DO CINEMA VII"
"711";"CLAUSURA"
"712";"CLEMENTINA"
"713";"CLEO  SE EU PUDESSE VOLTAR NO TEMPO"
"714";"CLIMAX"
"715";"CLUBE TRISTEZA"
"716";"COCO BAMBU PREPARA COMER REZAR AMAR"
"717";"COCO BAMBU PREPARA ENCONTRO DE CASAIS"
"718";"COCO BAMBU PREPARA MADAME"
"719";"COCO BAMBU PREPARA SIMPLESMENTE COMPLICADO"
"720";"COLDPLAY A HEAD FULL OF DREAMS"
"721";"COLETTE"
"722";"COLHEITA AMARGA"
"723";"COLO"
"724";"COLOSSAL"
"725";"COLUMBUS"
"726";"COM AMOR SIMON"
"727";"COM AMOR VAN GOGH  O SONHO IMPOSSIVEL"
"728";"COMER REZAR AMAR"
"729";"COMER REZAR AMAR  CAMPINAS"
"730";"COMO E CRUEL VIVER ASSIM"
"731";"COMO ELIMINAR SEU CHEFE"
"732";"COMO ERA GOSTOSO O MEU FRANCES"
"733";"COMO FOTOGRAFEI OS YANOMAMI"
"734";"COMO NOSSOS PAIS"
"735";"COMO SE TORNAR O PIOR ALUNO DA ESCOLA"
"736";"COMO SE TORNAR UM CONQUISTADOR"
"737";"COMO TREINAR O SEU DRAGAO 3"
"738";"COMO UM GATO MARGINAL"
"739";"COMO VOCE ME VE"
"740";"COMPETITIVA BAIANA I"
"741";"COMPETITIVA BAIANA II"
"742";"COMPETITIVA BAIANA III"
"743";"COMPETITIVA BAIANA VI"
"744";"COMPETITIVA BAIANA VIII"
"745";"COMPETITIVA NACIONAL I"
"746";"COMPETITIVA NACIONAL II"
"747";"COMPETITIVA NACIONAL III"
"748";"COMPETITIVA NACIONAL V"
"749";"COMPETITIVA NACIONAL VIII"
"750";"COMPRAME UM REVOLVER"
"751";"CONFIDENCIAS DE HOLLYWOOD"
"752";"CONQUISTAR AMAR E VIVER INTENSAMENTE"
"753";"CONSTRUINDO PONTES"
"754";"CONTATOS IMEDIATOS DO TERCEIRO GRAU"
"755";"CONTOS DA BIRMANIA"
"756";"CONTOS DA LUA VAGA"
"757";"CONVERSA FIADA"
"758";"COPA 181"
"759";"COPA DO BRASIL  SANTOS X FLAMENGO"
"760";"COPA DO BRASIL 2017  CRUZEIRO X FLAMENGO  TORCIDA CRUZEIRO"
"761";"COPA DO BRASIL 2017  CRUZEIRO X FLAMENGO  TORCIDA FLAMENGO"
"762";"COPA DO BRASIL 2017  TORCIDA BOTAFOGO FLAMENGO X BOTAFOGO"
"763";"COPA DO BRASIL 2017  TORCIDA CRUZEIRO CRUZEIRO X GREMIO"
"764";"COPA DO BRASIL 2017  TORCIDA FLAMENGO FLAMENGO X BOTAFOGO"
"765";"COPA DO BRASIL 2017  TORCIDA GREMIO CRUZEIRO X GREMIO"
"766";"COPA DO BRASIL 2018  TORCIDA CORINTHIANS"
"767";"COPA DO BRASIL 2018  TORCIDA CRUZEIRO"
"768";"COPA DO BRASIL 2018  TORCIDA FLAMENGO"
"769";"COPA DO MUNDO DA FIFA RUSSIA 2018"
"770";"COPACABANA ME ENGANA"
"771";"COPIAS  DE VOLTA A VIDA"
"772";"CORA CORALINA  TODAS AS VIDAS"
"773";"CORACAO DE COWBOY"
"774";"CORACAO DE ESPINHO"
"775";"CORACAO DE MEZQUITE"
"776";"CORACAO E ALMA"
"777";"CORACAO SELVAGEM"
"778";"CORACAO VALENTE"
"779";"CORAGEM  AS MUITAS VIDAS DE DOM PAULO EVARISTO ARNS"
"780";"CORGI  TOP DOG"
"781";"CORINGA"
"782";"CORNICHE KENNEDY"
"783";"CORPO DELITO"
"784";"CORPO E ALMA"
"785";"CORPO ELETRICO"
"786";"CORRA"
"787";"CORRA LOLA CORRA"
"788";"CORRENDO ATRAS"
"789";"CORRENDO ATRAS 2012"
"790";"CORRENDO ATRAS DE UM PAI"
"791";"CORUMBIARA"
"792";"COVIL DE LADROES"
"793";"CRAMULHAO"
"794";"CRANIOS DO MEU POVO"
"795";"CRAZY"
"796";"CREED II"
"797";"CREPUSCULO DAS FELINAS"
"798";"CRIME SEM SAIDA"
"799";"CRIMES EM HAPPYTIME"
"800";"CRIMES OBSCUROS"
"801";"CRISALIDA  O FILME"
"802";"CRISANTEMOS TARDIOS"
"803";"CRO EM FAMILIA"
"804";"CROMOSSOMO 21 O FILME"
"805";"CROSSROADS  O DIGITAL EXPLOSIVO INEVITAVEL"
"806";"CROWN HEIGHTS"
"807";"CULPA"
"808";"CUNNINGHAM"
"809";"CURTAS  PROJECOES 2017"
"810";"CURTAS  VIAGENS AO ESPACO EXTRATERRESTRE"
"811";"CURTAS 02"
"812";"CURTAS 1"
"813";"CURTAS 1  2019"
"814";"CURTAS 10"
"815";"CURTAS 10  2019"
"816";"CURTAS 11  2019"
"817";"CURTAS 14"
"818";"CURTAS 2"
"819";"CURTAS 2  2019"
"820";"CURTAS 3  2019"
"821";"CURTAS 4"
"822";"CURTAS 4  2019"
"823";"CURTAS 4  GENERO E SEXUALIDADE"
"824";"CURTAS 5"
"825";"CURTAS 5  2019"
"826";"CURTAS 5  GENERO E SEXUALIDADE"
"827";"CURTAS 6"
"828";"CURTAS 6  2019"
"829";"CURTAS 6  GENERO E SEXUALIDADE"
"830";"CURTAS 7"
"831";"CURTAS 7  2019"
"832";"CURTAS 8  2019"
"833";"CURTAS 9"
"834";"CURTAS 9  2019"
"835";"CURTAS CARIOCA"
"836";"CURTAS CARIOCAS"
"837";"CURTAS CLASSICOS NACIONAIS  ANIMATIBA"
"838";"CURTAS DO MUNDO 1  ANIMATIBA"
"839";"CURTAS DO MUNDO 2  ANIMATIBA"
"840";"CURTAS INFANTIL 3"
"841";"CURTAS INFANTIL 7"
"842";"CURTAS INFANTIS 1"
"843";"CURTAS INFANTIS 1  2019"
"844";"CURTAS INFANTIS 2"
"845";"CURTAS INFANTIS 2  2019"
"846";"CURTAS INFANTIS 3"
"847";"CURTAS INFANTIS 3  2019"
"848";"CURTAS INFANTIS 4"
"849";"CURTAS INFANTIS 4  2019"
"850";"CURTAS INFANTIS 5"
"851";"CURTAS INFANTIS 7"
"852";"CURTAS PRATA DA CASA  ANIMATIBA"
"853";"CURTAS SUICOS"
"854";"CURTAS TERROR"
"855";"CURTASMETRAGENS DE BARBARA WAGNER E BENJAMIN DE BURCA"
"856";"CUSTODIA"
"857";"CYRANO DE BERGERAC  O CLASSICO"
"858";"CYRANO MON AMOUR"
"859";"DAFNE"
"860";"DALIDA"
"861";"DANADO DE BOM"
"862";"DANI GURGEL NELSON  AYRES BIG BAND"
"863";"DAPHNE"
"864";"DAVID GILMOUR LIVE AT POMPEII"
"865";"DE CANCAO EM CANCAO"
"866";"DE CARONA PARA O AMOR"
"867";"DE ENCONTRO COM A VIDA"
"868";"DE PEITO ABERTO"
"869";"DE PERNAS PRO AR 3"
"870";"DE QUEM E O SUTIA"
"871";"DE REPENTE UMA FAMILIA"
"872";"DE VOLTA"
"873";"DE VOLTA PARA CASA"
"874";"DEADPOOL 2"
"875";"DEATH NOTE ILUMINANDO UM NOVO MUNDO"
"876";"DEDO NA FERIDA"
"877";"DEIXE A LUZ DO SOL ENTRAR"
"878";"DEMOLICAO"
"879";"DENTE DE LEITE"
"880";"DEPECHE MODE SPIRITS IN THE FOREST"
"881";"DEPOIS A LOUCA SOU EU"
"882";"DEPOIS DA GUERRA"
"883";"DEPOIS DAQUELA MONTANHA"
"884";"DEPOIS DO CASAMENTO"
"885";"DESAFIO DE UM CAMPEAO"
"886";"DESCULPA QUALQUER COISA  COMEDIA STAND UP"
"887";"DESEJO DE MATAR"
"888";"DESLEMBRO"
"889";"DESMOND E A ARMADILHA DO MONSTRO DO BREJO"
"890";"DESOBEDIENCIA"
"891";"DESPEDIDA EM GRANDE ESTILO"
"892";"DETETIVES DO PREDIO AZUL 2"
"893";"DETROIT EM REBELIAO"
"894";"DEUS AUSENTE IMS"
"895";"DEUS E MULHER E SEU NOME E PETUNIA"
"896";"DEUS EXISTE E SEU NOME E PETUNIA"
"897";"DEUS NAO ESTA MORTO UMA LUZ NA ESCURIDAO"
"898";"DEVORAR"
"899";"DEZ ANOS TAILANDIA"
"900";"DIA DA VITORIA"
"901";"DIAMANTINO"
"902";"DIARIO DE UM BANANA CAINDO NA ESTRADA"
"903";"DIARIO REVISITADO 19901999 PARTE 3 VOLTA AO BRASIL"
"904";"DIARIOS DE CLASSE"
"905";"DIAS VAZIOS"
"906";"DIEGO MARADONA"
"907";"DILILI EM PARIS"
"908";"DIMINUTA"
"909";"DINA"
"910";"DIRECOES"
"911";"DIRTY DANCING  RITMO QUENTE"
"912";"DISCREET"
"913";"DISFORIA"
"914";"DISTORCAO"
"915";"DIVA"
"916";"DIVA EXPERIMENTAL"
"917";"DIVALDO  O MENSAGEIRO DA PAZ"
"918";"DIVINO AMOR"
"919";"DIVORCIO"
"920";"DIZ A ELA QUE ME VIU CHORAR"
"921";"DJON AFRICA"
"922";"DO JEITO QUE ELAS QUEREM"
"923";"DO MEU TAMANHO"
"924";"DO TRACO AO PIXEL  TEMPOS MODERNOS"
"925";"DOBRADINHA ANTONY HICKLING"
"926";"DOCE ENTARDECER NA TOSCANA"
"927";"DOCE VIRGINIA"
"928";"DOENTES DE AMOR"
"929";"DOGMAN"
"930";"DOIDAS E SANTAS"
"931";"DOIDOS DE PEDRA"
"932";"DOIS IRMAOS  UMA JORNADA FANTASTICA"
"933";"DOIS PAPAS"
"934";"DOLITTLE"
"935";"DOM CARLOS"
"936";"DOMINACAO"
"937";"DOMINGO"
"938";"DOMINGO E DIA DE CINEMA  INFILTRADO NA KLAN"
"939";"DON GIOVANNI"
"940";"DON GIOVANNI  OPERA"
"941";"DONA FLOR E SEUS DOIS MARIDOS"
"942";"DONBASS"
"943";"DONNIE DARKO"
"944";"DOR E GLORIA"
"945";"DORA E A CIDADE PERDIDA"
"946";"DOUTOR SONO"
"947";"DOVLATOV"
"948";"DOWNTON ABBEY  O FILME"
"949";"DPA  DETETIVES DO PREDIO AZUL"
"950";"DRAGON BALL SUPER BROLY  O FILME"
"951";"DU"
"952";"DUAS COROAS A HISTORIA DE SAO MAXIMILIANO KOLBE"
"953";"DUAS DE MIM"
"954";"DUAS GAROTAS ROMANTICAS"
"955";"DUAS OU TRES COISAS QUE EU SEI DELA"
"956";"DUDA E OS GNOMOS"
"957";"DUMBO"
"958";"DUNKIRK"
"959";"DUPLA EXPLOSIVA"
"960";"DURO DE MATAR"
"961";"DURO DE MATAR UM BOM DIA PARA MORRER"
"962";"E AGORA A MAMAE SAIU DE FERIAS"
"963";"E EM CADA LENTILHA UM DEUS"
"964";"E ENTAO NOS DANCAMOS"
"965";"E SE VIVESSEMOS TODOS JUNTOS"
"966";"E TUDO VERDADE"
"967";"EARTH ONE AMAZING DAY"
"968";"EAT YOUR BONES"
"969";"EATALY PREPARA AMOR EM LITTLE ITALY"
"970";"EATALY PREPARA PEGANDO FOGO"
"971";"EATALY PREPARA SOB O SOL DA TOSCANA"
"972";"ECHOES OF FEAR"
"973";"EDUARDO II"
"974";"EGON SCHIELE  MORTE E DONZELA"
"975";"EL JUSTICIERO"
"976";"EL MOTOARREBATADOR"
"977";"EL PEPE UMA VIDA SUPREMA"
"978";"EL ULTIMO PAIS"
"979";"ELA DISSE ELE DISSE"
"980";"ELEGIA DE UM CRIME"
"981";"ELEICOES"
"982";"ELES LUTARAM PELA PATRIA"
"983";"ELES NAO USAM BLACKTIE"
"984";"ELES SO USAM BLACK TIE"
"985";"ELES VIVEM"
"986";"ELIGIA DE OSAKA"
"987";"ELLA E JOHN"
"988";"ELVIS 68 COMEBACK  SPECIAL EDITION"
"989";"EM 97 ERA ASSIM"
"990";"EM BOAS MAOS"
"991";"EM BUSCA DA VITORIA"
"992";"EM BUSCA DE FELLINI"
"993";"EM BUSCA DE VINGANCA"
"994";"EM CHAMAS"
"995";"EM DEFESA DE CRISTO"
"996";"EM GUERRA"
"997";"EM GUERRA POR AMOR"
"998";"EM NOME DA AMERICA"
"999";"EM PEDACOS"
"1000";"EM RITMO DE FUGA"
"1001";"EM TRANSITO"
"1002";"EM UM MUNDO INTERIOR"
"1003";"EMMA E AS CORES DA VIDA"
"1004";"EMOJI  O FILME"
"1005";"ENCANTADO"
"1006";"ENCARCERADOS"
"1007";"ENCERRAMENTO CINEMA NEGRO ZOZIMO BULBUL  10 ANOS"
"1008";"ENCOLHI A PROFESSORA"
"1009";"ENCONTRO COM HOMENS NOTAVEIS"
"1010";"ENCONTRO DE HOMENS NOTAVEIS"
"1011";"ENCONTROS"
"1012";"ENCRIPTADO"
"1013";"ENFIM SOS  PEDACOS  O ANIMAL CORDIAL"
"1014";"ENQUANTO ESTAMOS AQUI"
"1015";"ENSIRIADOS"
"1016";"ENTARDECER"
"1017";"ENTRE A CRUZ E A FELICIDADE"
"1018";"ENTRE FACAS E SEGREDOS"
"1019";"ENTRE IRMAS"
"1020";"ENTRE LUZ E SOMBRAS  BRUCE CONNER"
"1021";"ENTRE TEMPOS"
"1022";"ENTRELACOS"
"1023";"ENTREVISTA COM DEUS"
"1024";"EQUIVALENCIAS APRENDER VIVENDO"
"1025";"ERA UMA VEZ EM HOLLYWOOD"
"1026";"ERA UMA VEZ UM DEADPOOL"
"1027";"ESCAPE ROOM"
"1028";"ESCOBAR  A TRAICAO"
"1029";"ESCOLA DA MAGIA  ESCAPE ROUTE"
"1030";"ESCOLA DE COELHOS"
"1031";"ESPECIAL DE NATAL DOCTOR WHO"
"1032";"ESPECIAL DOCTOR WHO"
"1033";"ESPECIAL TURMA DA MONICA JOVEM  CINE CARTOON"
"1034";"ESPERO TUA REVOLTA"
"1035";"ESPIRITO DE CONTRADICAO"
"1036";"ESPIRITO JOVEM"
"1037";"ESPIRITO VIVENTE"
"1038";"ESPLENDOR"
"1039";"ESTA E A SUA MORTE  O SHOW"
"1040";"ESTACAO DO DIABO"
"1041";"ESTACAO QUEER  LUANA MUNIZ FILHA DA LUA"
"1042";"ESTACAO QUEER  SO CURTAS"
"1043";"ESTADO DE EXCECAO"
"1044";"ESTAMOS VIVOS"
"1045";"ESTAREMOS SEMPRE JUNTOS"
"1046";"ESTAS ME MATANDO SUZANA"
"1047";"ESTEROS"
"1048";"ESTOU ME GUARDANDO PARA QUANDO O CARNAVAL CHEGAR"
"1049";"ESTRADA DE SONHOS"
"1050";"ESTRANHO NAS DUNAS"
"1051";"ESTRELAS ALEM DO TEMPO"
"1052";"ESTRELAS DE CINEMA NUNCA MORREM"
"1053";"ETHEL E ERNEST"
"1054";"EU ACREDITO"
"1055";"EU FICO LOKO"
"1056";"EU NAO SOU SEU NEGRO"
"1057";"EU NAO SOU UMA BRUXA"
"1058";"EU NAO SOU UMA FEITICEIRA"
"1059";"EU PECADOR"
"1060";"EU SINTO MUITO"
"1061";"EU SO POSSO IMAGINAR"
"1062";"EU SOU BRASILEIRO"
"1063";"EU SOU MAIS EU"
"1064";"EU SOU TEMPESTA"
"1065";"EU TE LEVO"
"1066";"EU TONYA"
"1067";"EUFORIA"
"1068";"EVA NAO DORME"
"1069";"EVENING SHADOWS"
"1070";"EVVAI PREPARA CHEF"
"1071";"EX LIBRIS BIBLIOTECA PUBLICA DE NOVA YORK"
"1072";"EXCELENTISSIMOS"
"1073";"EXORCISMOS E DEMONIOS"
"1074";"EXPAJE"
"1075";"EXPERIENCIAS EXPERIMENTAIS"
"1076";"EXTRAORDINARIO"
"1077";"EXU REI  ABDIAS DO NASCIMENTO"
"1078";"FABBRICA RISTORANTE PREPARA MULHER MARAVILHA"
"1079";"FABRICA"
"1080";"FACA NO CORACAO"
"1081";"FACES DE UMA MULHER"
"1082";"FALA SERIO MAE"
"1083";"FALSTAFF"
"1084";"FAMILIA"
"1085";"FAMILIA SUBMERSA"
"1086";"FAMILY ROMANCE LTDA"
"1087";"FANNY E ALEXANDER"
"1088";"FANTASMAS  FICCAO CIENTIFICA DE HORROR  FREAKS"
"1089";"FANTASMAS E FICCAO CIENTIFICA DE HORROR"
"1090";"FANTASTICA UMA AVENTURA NO MUNDO BOONIE BEARS"
"1091";"FATIMA O ULTIMO MISTERIO"
"1092";"FAVELA E MODA"
"1093";"FAZENDO O PAPEL  LICOES DE HISTORIA"
"1094";"FE E FURIA"
"1095";"FEITICO DO TEMPO"
"1096";"FEITO NA AMERICA"
"1097";"FELIZ ANIVERSARIO"
"1098";"FENIX"
"1099";"FERNANDO"
"1100";"FERRANTE FEVER"
"1101";"FERRUGEM"
"1102";"FESTIM DIABOLICO"
"1103";"FESTIVAL 25 ANOS  FRIENDS  PARTE 1"
"1104";"FESTIVAL 25 ANOS  FRIENDS  PARTE 2"
"1105";"FESTIVAL 25 ANOS  FRIENDS  PARTE 3"
"1106";"FESTIVAL 25 ANOS DE FRIENDS BLOCO 1"
"1107";"FESTIVAL 25 ANOS DE FRIENDS BLOCO 2"
"1108";"FESTIVAL 25 ANOS DE FRIENDS BLOCO 3"
"1109";"FESTIVAL DE OPERA NA TELA  DON PASQUALE"
"1110";"FESTIVAL DE OPERA NA TELA  FAUSTO"
"1111";"FESTIVAL DE OPERA NA TELA  LUCIA DE LAMMERMOOR"
"1112";"FESTIVAL FAM  14 ENTRADAS"
"1113";"FESTIVAL FAM  7 ENTRADAS"
"1114";"FESTIVAL FAM  CREDENCIAL"
"1115";"FESTIVAL JEDICON 20 ANOS  EPISODIO 1"
"1116";"FESTIVAL JEDICON 20 ANOS  EPISODIO 2"
"1117";"FESTIVAL JEDICON 20 ANOS  EPISODIO 3"
"1118";"FESTIVAL JEDICON 20 ANOS  EPISODIO 4"
"1119";"FESTIVAL JEDICON 20 ANOS  EPISODIO 5"
"1120";"FESTIVAL JEDICON 20 ANOS  EPISODIO 6"
"1121";"FESTIVAL JEDICON 20 ANOS  EPISODIO 7"
"1122";"FESTIVAL JEDICON 20 ANOS  EPISODIO 8"
"1123";"FESTIVAL JEDICON 20 ANOS  ROGUE ONE"
"1124";"FESTIVAL OPERA NA TELA  SANSAO E DALILA"
"1125";"FEVEREIROS"
"1126";"FICI 2019  8X ANIMACAO  ESPECIAL SERIES BRASILEIRAS"
"1127";"FICI 2019  DETETIVES DO PREDIO AZUL 2"
"1128";"FICI 2019  ENCRENCA EM DOSE DUPLA"
"1129";"FICI 2019  LUCCAS NETO EM ACAMPAMENTO DE FERIAS"
"1130";"FICI 2019  OSMAR A PRIMEIRA FATIA DO PAO DE FORMA"
"1131";"FICI 2019  TURMA DA MONICA  A PRINCESA E O ROBO"
"1132";"FILHAS DO SOL"
"1133";"FILHOS DA DINAMARCA"
"1134";"FILMAGEM NO INVERNO"
"1135";"FILME  66"
"1136";"FILME ENSAIO"
"1137";"FILME PAISAGEM UM OLHAR SOBRE ROBERTO BURLE MARX"
"1138";"FIM DE FESTA"
"1139";"FINAL  LIGA DOS YOUTUBERS"
"1140";"FINAL 1ª ETAPA CBLOL 2018"
"1141";"FINAL 2º SPLIT CBLOL 2018"
"1142";"FINAL DA 1° ETAPA DO CBLOL 2017"
"1143";"FINAL DA 2ª ETAPA DO CBLOL 2017"
"1144";"FINAL DA COPA LIBERTADORES  2019"
"1145";"FINAL DA UEFA CHAMPIONS LEAGUE 2017"
"1146";"FINAL DA UEFA CHAMPIONS LEAGUE 2018"
"1147";"FINAL DA UEFA CHAMPIONS LEAGUE 2019"
"1148";"FINAL MUNDIAL DA LEAGUE OF LEAGENDS 2017"
"1149";"FINAL MUNDIAL DE LEAGUE OF LEGENDS 2019"
"1150";"FINALMENTE LIVRES"
"1151";"FINDING JOSEF"
"1152";"FINYE  O VENTO"
"1153";"FLASHDANCE  EM RITMO DE EMBALO"
"1154";"FLORES DO CARCERE"
"1155";"FLORESTA PARA AS ARVORES"
"1156";"FOGO CONTRA FOGO"
"1157";"FOME DE AMOR"
"1158";"FOME DE PODER"
"1159";"FONTE DA JUVENTUDE"
"1160";"FONTE DA VIDA"
"1161";"FORA DE SERIE"
"1162";"FORD VS FERRARI"
"1163";"FORO INTIMO"
"1164";"FORTALEZA E CSA"
"1165";"FORTUNATA"
"1166";"FOTOGRAFACAO"
"1167";"FOTOGRAFANDO A MAFIA"
"1168";"FOTOKINO  MUITO ROMANTICO"
"1169";"FOUCAULT CONTRA SI MESMO"
"1170";"FOURTEEN"
"1171";"FRAGMENTADO"
"1172";"FRAMED"
"1173";"FRANCOIS TRUFFAUT UMA AUTOBIOGRAFIA"
"1174";"FRANKIE"
"1175";"FRANS KRAJCBERG MANIFESTO"
"1176";"FRANTZ"
"1177";"FREAKS E ASSASSINOS"
"1178";"FRIEDKIN UNCUT"
"1179";"FROST"
"1180";"FROZEN 2"
"1181";"FUGA"
"1182";"FUGA PARA A VITORIA"
"1183";"FUNERAL DE ESTADO"
"1184";"FURIA EM ALTO MAR"
"1185";"FURUSATO"
"1186";"FUTEBOL INFINITO"
"1187";"GABEIRA"
"1188";"GABRIEL E A MONTANHA"
"1189";"GABRIELLE  MOSTRA QUEBEC"
"1190";"GABY ESTRELLA"
"1191";"GAME GIRLS"
"1192";"GANGA BRUTA"
"1193";"GAROTA INTERROMPIDA"
"1194";"GAROTO COSMICO"
"1195";"GAROTO FANTASMA"
"1196";"GARRINCHA ALEGRIA DO POVO"
"1197";"GATAO DE MEIA IDADE"
"1198";"GATO DE BOTAS"
"1199";"GATOS"
"1200";"GAUGUIN  VIAGEM AO TAITI"
"1201";"GENDERBENDE"
"1202";"GENEROS NARRATIVOS  BRPLOT"
"1203";"GEOGRAFIA DA ARTE"
"1204";"GHASHIRAM KOTWAL"
"1205";"GILBERTO GIL ANTOLOGIA VOL1"
"1206";"GILDA BRASILEIRO  CONTRA O ESQUECIMENTO"
"1207";"GIORGIO MORODER PRESENTS METROPOLIS"
"1208";"GLORIA BELL"
"1209";"GNOMEU E JULIETA  O MISTERIO DO JARDIM"
"1210";"GODS OWN COUNTRY"
"1211";"GODZILLA II  REI DOS MONSTROS"
"1212";"GOLDEN EXITS"
"1213";"GOOSEBUMPS 2 HALLOWEEN ASSOMBRADO"
"1214";"GORILLAZ REJECT FALSE ICONS"
"1215";"GOSTO SE DISCUTE"
"1216";"GOSTOSAS LINDAS E SEXIES"
"1217";"GRACAS A DEUS"
"1218";"GRACE JONES BLOODLIGHT AND BAMI"
"1219";"GRANDE PREMIO DO CINEMA BR  CHACRINHA"
"1220";"GRANDE PREMIO DO CINEMA BR  MY NAME IS NOW"
"1221";"GRASS"
"1222";"GREEN BOOK  O GUIA"
"1223";"GRETA"
"1224";"GREY GARDENS"
"1225";"GRINGO  VIVO OU MORTO"
"1226";"GUARDIOES DA GALAXIA VOL 2"
"1227";"GUARNIERI"
"1228";"GUAXUMA E OUTRAS HISTORIAS"
"1229";"GUERRA CONJUGAL"
"1230";"GUERRA DE ALGODAO"
"1231";"GUERRA FRIA"
"1232";"GUIGO OFFLINECASA DA XICLET"
"1233";"GUNNEL OUT OF THE SILENCE"
"1234";"GUTTERBALLS"
"1235";"HAL ASHBY"
"1236";"HALITO AZUL"
"1237";"HALLOWEEN"
"1238";"HALLOWEEN A NOITE DO TERROR"
"1239";"HAN SOLO UMA HISTORIA STAR WARS"
"1240";"HANNAH"
"1241";"HAPPY HOUR  VERDADES E CONSEQUENCIAS"
"1242";"HARE KRISHNA  O MANTRA O MOVIMENTO E O SWAMI QUE COMECOU TUDO"
"1243";"HEAD BURST"
"1244";"HEAR ME MOVE"
"1245";"HEBE  A ESTRELA DO BRASIL"
"1246";"HEDWIG ROCK AMOR E TRAICAO"
"1247";"HELL CARIOCA"
"1248";"HELLBOY"
"1249";"HEMA HEMA CANTE PARA MIM ENQUANTO EU ESPERO"
"1250";"HENFIL"
"1251";"HERCULES  1997"
"1252";"HEREDITARIO"
"1253";"HEROIS"
"1254";"HEROIS NUNCA MORREM"
"1255";"HIBRIDOS  OS ESPIRITOS DO BRASIL"
"1256";"HIENAS"
"1257";"HILDA HILST PEDE CONTATO"
"1258";"HISTORIA AMERICANA  BRUCE CONNER"
"1259";"HISTORIA DE TAIPEI"
"1260";"HISTORIA IMORTAL"
"1261";"HISTORIAS ASSUSTADORAS PARA CONTAR NO ESCURO"
"1262";"HISTORIAS CURTAS"
"1263";"HISTORIAS DE AMOR"
"1264";"HISTORIAS DE AMOR QUE NAO PERTENCEM A ESTE MUNDO"
"1265";"HISTORIAS DE ESTOCOLMO"
"1266";"HISTORIAS DO BOSQUE DE CASTANHAS"
"1267";"HISTORIAS ESTRANHAS"
"1268";"HISTORIAS PRECIOSAS"
"1269";"HISTORIAS QUE NOSSO CINEMA NAO CONTAVA"
"1270";"HISTORIAS QUE SO EXISTEM QUANDO LEMBRADAS"
"1271";"HISTORIETAS ASSOMBRADAS  O FILME"
"1272";"HOCHELAGA TERRA DAS ALMAS  MOSTRA QUEBEC"
"1273";"HOFFMANIADA  ANIMATIBA"
"1274";"HOJE"
"1275";"HOLOCAUSTO CANIBAL"
"1276";"HOMEM LIVRE"
"1277";"HOMEMARANHA DE VOLTA AO LAR"
"1278";"HOMEMARANHA LONGE DE CASA"
"1279";"HOMEMARANHA NO ARANHAVERSO"
"1280";"HOMEMFORMIGA E A VESPA"
"1281";"HONEY BOY"
"1282";"HONEYLAND"
"1283";"HORACIO"
"1284";"HORIZONTE BONITO"
"1285";"HOTEL ARTEMIS"
"1286";"HOTEL TRANSILVANIA 3 FERIAS MONSTRUOSAS"
"1287";"HOW TO TALK TO GIRLS AT PARTIES"
"1288";"HULDRA  SENHORA DA FLORESTA"
"1289";"HUMAN FLOW NAO EXISTE LAR SE NAO HA PARA ONDE IR"
"1290";"HUMANPERSONS"
"1291";"HUMBERTO MAURO"
"1292";"IEC LONG"
"1293";"ILHA"
"1294";"ILHA 2018"
"1295";"ILHA DOS CACHORROS"
"1296";"IMAGEM E PALAVRA"
"1297";"IMAGENS DO ESTADO NOVO  193745"
"1298";"IMAGINE"
"1299";"IMPREVISTOS DE UMA NOITE EM PARIS"
"1300";"INCENDIOS  MOSTRA QUEBEC"
"1301";"INCENDIOS  PSICANALISE  CINEMA"
"1302";"INDIANA JONES E O TEMPLO DA PERDICAO"
"1303";"INDIANARA"
"1304";"INEZITA"
"1305";"INFANTIL  ENCONTRO DE CINEMA NEGRO ZOZIMO BULBUL  10 ANOS"
"1306";"INFERNINHO"
"1307";"INFILTRADO NA KLAN"
"1308";"INOCENCIA DAS MEMORIAS IMS"
"1309";"INOCENCIA ROUBADA"
"1310";"INSEPARAVEIS"
"1311";"INSTINTO"
"1312";"INSUBSTITUIVEL"
"1313";"INTERNET  O FILME"
"1314";"INTERVENCAO"
"1315";"INTIMIDADE ENTRE ESTRANHOS"
"1316";"INTRUSO"
"1317";"INUMANOS"
"1318";"INVADINDO BERGMAN"
"1319";"INVASAO AO SERVICO SECRETO"
"1320";"INVESTIGANDO O PARAISO"
"1321";"INVISIVEL"
"1322";"IRAN"
"1323";"IRREPREENSIVEL"
"1324";"ISTO NAO E UM ASSALTO"
"1325";"IT  A COISA"
"1326";"IT  CAPITULO 2"
"1327";"JACKIE BROWN"
"1328";"JAM SESSION  MEUS FILMES ABANDONADOS"
"1329";"JAMIES ITALIAN PREPARA O SABOR DA PAIXAO"
"1330";"JAMIES ITALIAN PREPARA UMA DOCE DISPUTA"
"1331";"JANE"
"1332";"JEANNE DIELMAN"
"1333";"JEANNETTE A INFANCIA DE JOANA DARC"
"1334";"JESUS DE NAZARE  O FILHO DE DEUS"
"1335";"JEXI UM CELULAR SEM FILTRO"
"1336";"JOANA DARC"
"1337";"JOAO DE DEUS  O SILENCIO E UMA PRECE"
"1338";"JOAO O MAESTRO"
"1339";"JOAQUIM"
"1340";"JOAQUIM PEDRO DE ANDRADE  SELECAO DE CURTAS 1"
"1341";"JOAQUIM PEDRO DE ANDRADE  SELECAO DE CURTAS 2"
"1342";"JOGADOR Nº 1"
"1343";"JOGO CSA X JUVENTUDE"
"1344";"JOGO DE CENA"
"1345";"JOGO SAO BENTO X CSA"
"1346";"JOGOS MORTAIS JIGSAW"
"1347";"JOHN WICK  UM NOVO DIA PARA MATAR"
"1348";"JOHN WICK 3  PARABELLUM"
"1349";"JOHNNY ENGLISH 30"
"1350";"JOJO RABBIT"
"1351";"JORGINHO GUINLE  O SE VIVE UMA VEZ"
"1352";"JORNADA DA VIDA"
"1353";"JOSE"
"1354";"JOVEM"
"1355";"JOVEM AOS 50"
"1356";"JOVEM MULHER"
"1357";"JOVENS POLACAS"
"1358";"JUBIABA"
"1359";"JUDY  MUITO ALEM DO ARCOIRIS"
"1360";"JULHO AGOSTO"
"1361";"JULIAN SCHNABEL RETRATO DO ARTISTA"
"1362";"JULIET NUA E CRUA"
"1363";"JUMANJI BEM VINDO A SELVA"
"1364";"JUMANJI PROXIMA FASE"
"1365";"JURASSIC PARK PARQUE DOS DINOSSAUROS"
"1366";"JURASSIC WORLD REINO AMEACADO"
"1367";"JUST DANCE BRASIL TOUR 2018"
"1368";"KADOSH  LACOS SAGRADOS"
"1369";"KAI"
"1370";"KANYE JESUS IS KING"
"1371";"KARDEC"
"1372";"KARINGANA — LICENCA PARA CONTAR"
"1373";"KEMETIYU CHEIKH ANTA DIOP"
"1374";"KIKI  OS SEGREDOS DO DESEJO"
"1375";"KILL BILL VOLUME 1"
"1376";"KILL BILL VOLUME 2"
"1377";"KIM DOTCOM AGARRADO NA WEB"
"1378";"KIN"
"1379";"KINGSMAN O CIRCULO DOURADO"
"1380";"KIWI E STRIT"
"1381";"KMOCKDOWN"
"1382";"KONG  A ILHA DA CAVEIRA"
"1383";"KOTODAMA  A MALDICAO"
"1384";"KOUZINA PREPARA MAMMA MIA  LA VAMOS NOS DE NOVO"
"1385";"KURSK  A ULTIMA MISSAO"
"1386";"KUSAMA  INFINITO"
"1387";"LA ARRANCADA"
"1388";"LA BOHEME"
"1389";"LA CAMA"
"1390";"LA DANSE  LE BALLET DE LOPERA DE PARIS"
"1391";"LA LA LAND  CANTANDO ESTACOES"
"1392";"LA MALA NOCHE"
"1393";"LA REBELLION ABENCOE SEUS PEQUENINOS CORACOES"
"1394";"LA REBELLION BEMVINDO DE VOLTA IRMAO CHARLES"
"1395";"LA REBELLION BUSH MAMA  APRESENTACAO"
"1396";"LA REBELLION CURTAS 1"
"1397";"LA REBELLION CURTAS 2"
"1398";"LA REBELLION CURTAS 3"
"1399";"LA REBELLION DANDO UM ROLE"
"1400";"LA REBELLION UMA IMAGEM DIFERENTE"
"1401";"LA VITA IN COMUNE"
"1402";"LADY BIRD  A HORA DE VOAR"
"1403";"LADY MACBETH"
"1404";"LAKE BODOM"
"1405";"LAMEN SHOP"
"1406";"LAMPARINA DA AURORA"
"1407";"LANCHONETE DA CIDADE PREPARA A FANTASTICA FABRICA DE CHOCOLATE"
"1408";"LANDES"
"1409";"LARA"
"1410";"LASCIATI ANDARE"
"1411";"LAST FLAG FLYING"
"1412";"LATE NIGHT"
"1413";"LAURA"
"1414";"LE BURGUER PREPARA HARRY POTTER E A CAMARA SECRETA"
"1415";"LE BURGUER PREPARA STAR WARS  OS ULTIMOS JEDI"
"1416";"LE CIRCO DE LA DRAG E ESTREIA"
"1417";"LEGALIDADE"
"1418";"LEGALIZE JA  AMIZADE NUNCA MORRE"
"1419";"LEGO BATMAN"
"1420";"LEGO NINJAGO O FILME"
"1421";"LEMBRO MAIS DOS CORVOS"
"1422";"LEMEBEL UM ARTISTA CONTRA A DITADURA CHILENA"
"1423";"LEON MORIN O PADRE"
"1424";"LIBERTE"
"1425";"LIGA DA JUSTICA"
"1426";"LIL PEEP EVERYBODYS EVERYTHING"
"1427";"LILLIAN"
"1428";"LIM"
"1429";"LIMITES"
"1430";"LIMPAM COM FOGO"
"1431";"LINK PERDIDO"
"1432";"LINO"
"1433";"LION  UMA JORNADA PARA CASA"
"1434";"LITIGANTE"
"1435";"LITTLE JOE"
"1436";"LITTLE SOLDIER"
"1437";"LIVRAIME"
"1438";"LIVRES"
"1439";"LIZZIE"
"1440";"LOBISOMEM"
"1441";"LOGAN"
"1442";"LOGAN LUCKY ROUBO EM FAMILIA"
"1443";"LOGAN NOIR"
"1444";"LOLA PATER"
"1445";"LONG STRANGE TRIP A VIAGEM DO GRATEFUL DEAD"
"1446";"LONGA JORNADA NOITE ADENTRO"
"1447";"LONGE"
"1448";"LONGE DA ARVORE"
"1449";"LONGE DA COSTA"
"1450";"LORA LEGALE"
"1451";"LOS SILENCIOS"
"1452";"LOS TERRITORIOS"
"1453";"LOU"
"1454";"LOUIS  LUCA  A CORRIDA DO QUEIJO"
"1455";"LOUISE NO INVERNO"
"1456";"LOULOU E OUTROS LOBOS"
"1457";"LOVE LIVE FEST"
"1458";"LUA DE JUPITER"
"1459";"LUANA MUNIZ  FILHA DA LUA"
"1460";"LUCIA CHEIA DE GRACA"
"1461";"LUCKY"
"1462";"LUDIBRIUM"
"1463";"LUMIERE A AVENTURA COMECA"
"1464";"LUNA"
"1465";"LUPE BAR Y TAQUERIA PREPARA VIVA A VIDA E UMA FESTA"
"1466";"LUTA DE CLASSES"
"1467";"LUTA POR JUSTICA"
"1468";"LUZ DE INVERNO"
"1469";"LUZ DEL FUEGO"
"1470";"LUZ NO FIM DO TUNEL"
"1471";"LYGIA UMA ESCRITORA BRASILEIRA"
"1472";"M8  QUANDO A MORTE SOCORRE A VIDA"
"1473";"MA"
"1474";"MA EDUCACAO"
"1475";"MABOROSI  A LUZ DA ILUSAO"
"1476";"MACABRO"
"1477";"MACUNAIMA"
"1478";"MADA"
"1479";"MADAGASCAR 3  OS PROCURADOS"
"1480";"MADAME"
"1481";"MADAME BUTTERFLY"
"1482";"MADE IN ITALY"
"1483";"MADEMOISELLE PARADIS"
"1484";"MADONNA AND THE BREAKFAST CLUB"
"1485";"MADRE"
"1486";"MAE"
"1487";"MAIS QUE VENCEDORES"
"1488";"MAL NOSSO"
"1489";"MALASARTES E O DUELO COM A MORTE"
"1490";"MALEVOLA  DONA DO MAL"
"1491";"MALIGNO"
"1492";"MAMA COLONEL"
"1493";"MAMAE SAIU DE FERIAS"
"1494";"MAMMA MIA LA VAMOS NOS DE NOVO"
"1495";"MANDACARU VERMELHO"
"1496";"MANGUEIRA EM 2 TEMPOS"
"1497";"MANHATTAN"
"1498";"MANIFESTO"
"1499";"MANON LESCAUT"
"1500";"MAO DE OBRA"
"1501";"MAQUINAS MORTAIS"
"1502";"MARATONA DEATH NOTE"
"1503";"MARCELO GOMES  ANATOMIA DE UM DANCARINO"
"1504";"MARCHA CEGA"
"1505";"MARCIA HAYDEE  UMA VIDA PELA DANCA"
"1506";"MARCOS MEDEIROS CODINOME VAMPIRO"
"1507";"MARE NOSTRUM"
"1508";"MARES"
"1509";"MARGHE E SUA MAE"
"1510";"MARIA"
"1511";"MARIA  NAO ESQUECA QUE EU VENHO DOS TROPICOS"
"1512";"MARIA CALLAS  EM SUAS PROPRIAS PALAVRAS"
"1513";"MARIA DO CARITO"
"1514";"MARIA E JOAO O CONTO DAS BRUXAS"
"1515";"MARIA MADALENA"
"1516";"MARJORIE PRIME"
"1517";"MARK FELT  O HOMEM QUE DERRUBOU A CASA BRANCA"
"1518";"MARTIN EDEN"
"1519";"MARVIN"
"1520";"MARY AND THE WITCHS FLOWER"
"1521";"MAS INFLUENCIAS"
"1522";"MAS NOTICIAS PARA O SR MARS"
"1523";"MASO E MISO VAO DE BARCO"
"1524";"MATANGI  MAYA  MIA"
"1525";"MATAR JESUS"
"1526";"MATRIX  20 ANOS"
"1527";"MATTHIAS  MAXIME"
"1528";"MAUDIE"
"1529";"MAX STEEL"
"1530";"MAYA"
"1531";"MAZE RUNNER  A CURA MORTAL"
"1532";"MAZINGER Z  INFINITY"
"1533";"MBYA REKO PYGUA A LUZ DAS PALAVRAS"
"1534";"ME CHAME PELO SEU NOME"
"1535";"ME TIRE UMA DUVIDA"
"1536";"MEDEIA"
"1537";"MEDITATION PARK"
"1538";"MEDO PROFUNDO"
"1539";"MEDO PROFUNDO O SEGUNDO ATAQUE"
"1540";"MEDO VIRAL"
"1541";"MEGALOBOX  PARTE 2"
"1542";"MEGALOBOX  PARTE I"
"1543";"MEGATUBARAO"
"1544";"MEIO IRMAO"
"1545";"MELANIE MARTINEZ K12"
"1546";"MEMORIA DA DOR"
"1547";"MEMORIA EM VERDE E ROSA"
"1548";"MEMORIAS DA DOR"
"1549";"MEMORIAS DE UMA ESCOLA"
"1550";"MEMORIAS DO SUBDESENVOLVIMENTO"
"1551";"MEMORY  AS ORIGENS DE ALIEN"
"1552";"MENASHE"
"1553";"MENTES SOMBRIAS"
"1554";"MENTIRA NADA INOCENTE"
"1555";"MERCI PATRON"
"1556";"METALLICA  SAN FRANCISCO SYMPHONY"
"1557";"METALLICA SM2"
"1558";"MEU AMIGO E UMA GIRAFA"
"1559";"MEU AMIGO ENZO"
"1560";"MEU AMIGO FELA"
"1561";"MEU AMIGO VAMPIRO"
"1562";"MEU AMOR POR GRACE"
"1563";"MEU ANJO"
"1564";"MEU BEBE"
"1565";"MEU COLEGIO INTEIRO AFUNDANDO NO MAR"
"1566";"MEU CORPO E POLITICO"
"1567";"MEU CUMPADRE ZE KETI"
"1568";"MEU EX E UM ESPIAO"
"1569";"MEU MALVADO FAVORITO"
"1570";"MEU MALVADO FAVORITO 3"
"1571";"MEU MUNDIAL  PARA VENCER NAO BASTA JOGAR"
"1572";"MEU NOME E DANIEL"
"1573";"MEU NOME E SARA"
"1574";"MEU PROPRIO BEM"
"1575";"MEU QUERIDO FILHO"
"1576";"MEU TIO E O JOELHO DE PORCO"
"1577";"MEU TRICOLOR DE ACO"
"1578";"MEU VERAO EXTRAORDINARIO COM TESS"
"1579";"MEUS 15 ANOS"
"1580";"MI VIDA"
"1581";"MIB HOMENS DE PRETO  INTERNACIONAL"
"1582";"MICHELANGELO  INFINITO"
"1583";"MIDWAY  BATALHA EM ALTO MAR"
"1584";"MILAGRE"
"1585";"MILLA"
"1586";"MILLENNIUM A GAROTA NA TEIA DE ARANHA"
"1587";"MINAS DO FUTEBOL"
"1588";"MINHA FAMA DE MAU"
"1589";"MINHA FELICIDADE"
"1590";"MINHA FILHA"
"1591";"MINHA FORTALEZA OS FILHOS DE FULANO"
"1592";"MINHA IRMA DE PARIS"
"1593";"MINHA LUA DE MEL POLONESA"
"1594";"MINHA MAE E UMA PECA  O FILME"
"1595";"MINHA MAE E UMA PECA 2"
"1596";"MINHA MAE E UMA PECA 3"
"1597";"MINHA OBRA PRIMA"
"1598";"MINHA VIDA DE ABOBRINHA"
"1599";"MINHA VIDA EM MARTE"
"1600";"MINHAS TARDES COM MARGUERITTE"
"1601";"MINHOCAS  ANIMATIBA"
"1602";"MIRACULOUS AS AVENTURAS DE LADYBUG"
"1603";"MIRADA PARANAENSE"
"1604";"MIRIAM MENTE"
"1605";"MISSAO 115"
"1606";"MISSAO CEGONHA"
"1607";"MISSAO IMPOSSIVEL  EFEITO FALLOUT"
"1608";"MIUDA E O GUARDACHUVA"
"1609";"MOACIR  O SANTISTA QUE CONQUISTOU OS ARGENTINOS"
"1610";"MOANA  UM MAR DE AVENTURAS"
"1611";"MODO DE PRODUCAO"
"1612";"MONDO GASTRONOMICO PREPARA O GRINCH"
"1613";"MONICA E O DESEJO"
"1614";"MONOS"
"1615";"MONROVIA INDIANA"
"1616";"MONSIEUR  MADAME ADELMAN"
"1617";"MONSTER TRUCKS"
"1618";"MONTREAL DEAD END"
"1619";"MOONLIGHT SOB A LUZ DO LUAR"
"1620";"MORANGOS SILVESTRES"
"1621";"MORMACO"
"1622";"MORRA MONSTRO MORRA"
"1623";"MORRER COMO UM HOMEM"
"1624";"MORTO NAO FALA"
"1625";"MOSCOU"
"1626";"MOSTRA DOC FAM  EDUARDO GALEANO VAGAMUNDO ES"
"1627";"MOSTRA DOC FAM  ZURITA"
"1628";"MOSTRA GLAUBER ROCHA II"
"1629";"MOSTRA GLAUBER ROCHA III"
"1630";"MOSTRA SUICA  NADASDY FILMS"
"1631";"MOSTRA VIDEOCLIPE E LONGAS FICCAO  YO NINA"
"1632";"MOSTRAS ESTREIAS CARIOCAS 1"
"1633";"MOSTRE A LINGUA"
"1634";"MOTORRAD"
"1635";"MOVIMENTOS DE UMA MONTANHA PROXIMA"
"1636";"MOVIMENTOS DO INVISIVEL"
"1637";"MR JONES"
"1638";"MR LEATHER"
"1639";"MUDAR DE VIDA"
"1640";"MUDBOUND  LAGRIMAS SOBRE O MISSISSIPI"
"1641";"MUEDA MEMORIA E MASSACRE"
"1642";"MUITOS FILHOS UM MACACO E UM CASTELO"
"1643";"MULEQUE TE DOIDO  MAIS DOIDO AINDA"
"1644";"MULHER"
"1645";"MULHER MOLHADA AO VENTO"
"1646";"MULHERES ALTERADAS"
"1647";"MULHERES ARMADAS HOMENS NA LATA"
"1648";"MULHERES DA NOITE"
"1649";"MULHERES DE CELULOIDE  BRUCE CONNER"
"1650";"MULHERES DIABOLICAS"
"1651";"MULHERES DIVINAS"
"1652";"MULHERES DO SECULO 20"
"1653";"MULHERMARAVILHA"
"1654";"MULHOLLAND DRIVE CIDADE DOS SONHOS"
"1655";"MUSE DRONES WORLD TOUR"
"1656";"MUSEU"
"1657";"MUSSUM  UM FILME DO CACILDIS"
"1658";"MY HERO ACADEMIA 2 HEROIS"
"1659";"MY LITTLE PONY O FILME"
"1660";"NA CAMA COM VICTORIA"
"1661";"NA ESTRADA DA VIDA"
"1662";"NA MIRA DO ATIRADOR"
"1663";"NA NEBLINA"
"1664";"NA PRAIA A NOITE SOZINHA"
"1665";"NADA A PERDER"
"1666";"NADA A PERDER 2"
"1667";"NAO DEVORE MEU CORACAO"
"1668";"NAO E O MEU TIPO"
"1669";"NAO ME TOQUE"
"1670";"NAO MEXA COM ELA"
"1671";"NAO OLHE"
"1672";"NAO SE ACEITAM DEVOLUCOES"
"1673";"NAO SOU UM CANALHA"
"1674";"NAO TEMOS MAIS NADA ALEM DO CRIME"
"1675";"NASCE UMA ESTRELA"
"1676";"NATAL BRANCO"
"1677";"NEGACAO"
"1678";"NEVE NEGRA"
"1679";"NEVILLE DALMEIDA  CRONISTA DA BELEZA E DO CAOS"
"1680";"NICK NO CINEMA ESPECIAL PATRULHA CANINA"
"1681";"NICO 1988"
"1682";"NIGHT WILL FALL"
"1683";"NINA WU"
"1684";"NINGUEM ENTRA NINGUEM SAI"
"1685";"NINGUEM ESTA OLHANDO"
"1686";"NO CORACAO DO MUNDO"
"1687";"NO DESERTO"
"1688";"NO INTENSO AGORA"
"1689";"NO OLHO DO FURACAO"
"1690";"NO QUARTO DA VANDA"
"1691";"NOIS POR NOIS"
"1692";"NOITAO  ALIEN RIDLEY SCOTT"
"1693";"NOITAO  MUSICAL"
"1694";"NOITAO ENTIDADES"
"1695";"NOITAO MNIGHT SHYAMALAN"
"1696";"NOITE DAS FELINAS"
"1697";"NOITE MAGICA"
"1698";"NOMADE SEGUINDO OS PASSOS DE BRUCE CHATWIN"
"1699";"NONA  SE ME MOLHAM EU OS QUEIMO"
"1700";"NORMAN CONFIE EM MIM"
"1701";"NORMANDIA NUA"
"1702";"NOS"
"1703";"NOS DUAS"
"1704";"NOS VEMOS NO PARAISO"
"1705";"NOTAS SOBRE A CEGUEIRA IMS"
"1706";"NOTAS SOBRE O OUTRO  UMA HISTORIA PARA OS MODLIN"
"1707";"NOTICIAS DE CASA"
"1708";"NOVAS ESPECIES  A EXPEDICAO DO SECULO"
"1709";"NOVITIATE"
"1710";"NUM LUGAR SOLITARIO"
"1711";"NUNCA DEIXE DE LEMBRAR"
"1712";"NUNCA ME SONHARAM"
"1713";"O ACAMPAMENTO"
"1714";"O ADVOGADO"
"1715";"O AMANTE DUPLO"
"1716";"O AMIGO DO REI"
"1717";"O AMOR DA TRABALHO"
"1718";"O AMULETO DE OGUM"
"1719";"O ANIMAL CORDIAL"
"1720";"O ANJO"
"1721";"O ANJO DO RELOGIO"
"1722";"O ANJO EXTERMINADOR"
"1723";"O ANO DE 1985"
"1724";"O ARTISTA DO DESASTRE"
"1725";"O ASSASSINO MORA NO 21"
"1726";"O ASSASSINO O PRIMEIRO ALVO"
"1727";"O BANQUETE"
"1728";"O BAR LUVA DOURADA"
"1729";"O BARATO DE IACANGA"
"1730";"O BEIJO NO ASFALTO"
"1731";"O CAMINHO DOS SONHOS"
"1732";"O CANDIDATO HONESTO 2"
"1733";"O CANTO DO MAR"
"1734";"O CARAVAGGIO ROUBADO"
"1735";"O CASAL"
"1736";"O CASAMENTO DE MARIA BRAUN"
"1737";"O CASO DE RICHARD JEWELL"
"1738";"O CASO DO HOMEM ERRADO"
"1739";"O CASTELO DE VIDRO"
"1740";"O CEU DE TOQUIO A NOITE E SEMPRE DO MAIS DENSO TOM DE AZUL"
"1741";"O CHALE E UMA ILHA BATIDA DE VENTO E CHUVA"
"1742";"O CHAMADO 2"
"1743";"O CHAMADO 3"
"1744";"O CHAMADO DA FLORESTA"
"1745";"O CHAMADO DO LOBO"
"1746";"O CHAMADO DO MAL"
"1747";"O CHAMADO VS O GRITO"
"1748";"O CHAO SOB MEUS PES"
"1749";"O CIRCULO"
"1750";"O CIRCULO VERMELHO"
"1751";"O CLUBE DOS CANIBAIS"
"1752";"O COLAR DE CORALINA"
"1753";"O COMUNISTA"
"1754";"O CONFEITEIRO"
"1755";"O CORPO E NOSSO"
"1756";"O CORPO EM TERAPIA"
"1757";"O CRAVO E A ROSA  O DOCUMENTARIO"
"1758";"O CRIADO"
"1759";"O CRIME DA GAVEA"
"1760";"O DECLINIO DO IMPERIO AMERICANO  MOSTRA QUEBEC"
"1761";"O DESAPARECIMENTO DE MINHA MAE"
"1762";"O DESERTO DO DESERTO"
"1763";"O DESMONTE DO MONTE"
"1764";"O DESPERTAR DE LILITH"
"1765";"O DESTINO DE UMA NACAO"
"1766";"O DIA DEPOIS"
"1767";"O DIA DO ATENTADO"
"1768";"O DIA QUE RESISTIA"
"1769";"O DIABO"
"1770";"O DIABO E O PADRE AMORTH"
"1771";"O DIABO ENTRE AS PERNAS"
"1772";"O DOUTRINADOR"
"1773";"O DUBLE"
"1774";"O ECLIPSE"
"1775";"O ECLIPSE  DEBATE"
"1776";"O ENIGMA DA ROSA"
"1777";"O ENIGMA DE UMA VIDA"
"1778";"O ESCANDALO"
"1779";"O ESCANDALO CLOUZOT"
"1780";"O ESPACO ENTRE NOS"
"1781";"O ESTADO DAS COISAS"
"1782";"O ESTRANGEIRO"
"1783";"O ESTRANHO COLORIDO DAS LAGRIMAS DO TEU CORPO"
"1784";"O ESTRANHO QUE NOS AMAMOS"
"1785";"O EXERCITO DAS SOMBRAS"
"1786";"O EXTERMINADOR DO FUTURO DESTINO SOMBRIO"
"1787";"O FANTASMA DA SICILIA"
"1788";"O FANTASTICO PATINHO FEIO"
"1789";"O FAROL"
"1790";"O FAVORITO"
"1791";"O FEMININOMONSTRUOSO"
"1792";"O FEMINISMO MONSTRUOSO"
"1793";"O FILHO DO HOMEM"
"1794";"O FILHO OURO DA FLORESTA"
"1795";"O FILHO URUGUAIO"
"1796";"O FILME DA MINHA VIDA"
"1797";"O FILME DO BRUNO ALEIXO"
"1798";"O FIM DA VIAGEM O COMECO DE TUDO"
"1799";"O FIO DA MEMORIA"
"1800";"O FORMIDAVEL"
"1801";"O FUNERAL DAS ROSAS"
"1802";"O FUTURO ADIANTE"
"1803";"O GALA"
"1804";"O GARCOM"
"1805";"O GATO DE HAVANA"
"1806";"O GENIO E O LOUCO"
"1807";"O GLOBO DE PRATA"
"1808";"O GRANDE BIZARRO"
"1809";"O GRANDE CIRCO MISTICO"
"1810";"O GRINCH"
"1811";"O GRITO"
"1812";"O GRITO 3 O INICIO DO FIM"
"1813";"O HOMEM DAS CAVERNAS"
"1814";"O HOMEM DO PAUBRASIL"
"1815";"O HOMEM IDEAL"
"1816";"O HOMEM INVISIVEL"
"1817";"O HOMEM PERFEITO"
"1818";"O HOMEM QUE CUIDA"
"1819";"O HOMEM QUE MATOU DOM QUIXOTE"
"1820";"O HOMEM QUE MATOU JOHN WAYNE"
"1821";"O HOMEM QUE MATOU O FACINORA"
"1822";"O HOMEM QUE PAROU O TEMPO"
"1823";"O HOTEL AS MARGENS DO RIO"
"1824";"O HUMORISTA"
"1825";"O IMPORTANTE E AMAR"
"1826";"O INFERNO DE HENRIGEORGES CLOUZOT"
"1827";"O INSULTO"
"1828";"O INTENDENTE SANSHO"
"1829";"O IRLANDES"
"1830";"O JARDIM DAS AFLICOES"
"1831";"O JOVEM AHMED"
"1832";"O JOVEM KARL MARX"
"1833";"O JUIZO"
"1834";"O LAGO DO GANSO SELVAGEM"
"1835";"O LEAO DE 7 CABECAS"
"1836";"O LIVRO DO PARAISO NAO TEM AUTOR"
"1837";"O MAIOR PRESENTE"
"1838";"O MAL NAO ESPERA A NOITE  MIDSOMMAR"
"1839";"O MANICOMIO"
"1840";"O MATADOR DE OVELHAS"
"1841";"O MAU EXEMPLO DE CAMERON POST"
"1842";"O MEDICO INDIANO"
"1843";"O MELHOR DE DORIEN B"
"1844";"O MELHOR ESTA POR VIR"
"1845";"O MELHOR PROFESSOR DA MINHA VIDA"
"1846";"O MELHOR VERAO DAS NOSSAS VIDAS"
"1847";"O MENINO QUE FAZIA RIR"
"1848";"O MENINO QUE QUERIA SER REI"
"1849";"O MENTIROSO"
"1850";"O MES QUE NAO TERMINOU"
"1851";"O MISTERIO DE HENRI PICK"
"1852";"O MISTERIO DE PICASSO"
"1853";"O MISTERIO DO GATO CHINES"
"1854";"O MISTERIO DO RELOGIO NA PAREDE"
"1855";"O MOMENTO PLUTAO"
"1856";"O MORTO VIVO"
"1857";"O MOTORISTA DE TAXI"
"1858";"O MUNDO A SEUS PES"
"1859";"O MUNDO EM PERIGO"
"1860";"O NATAL DA LUNA"
"1861";"O NAVIO FANTASMA"
"1862";"O NO DO DIABO"
"1863";"O NOME DA MORTE"
"1864";"O NOME DA ROSA"
"1865";"O NOVATO"
"1866";"O ODIO QUE VOCE SEMEIA"
"1867";"O OFICIAL E O ESPIAO"
"1868";"O OLHO DO FURACAO"
"1869";"O OLHO E A FACA"
"1870";"O ORGULHO"
"1871";"O OUTRO LADO DA ESPERANCA"
"1872";"O PACIENTE  O CASO TANCREDO NEVES"
"1873";"O PACTO DE ADRIANA"
"1874";"O PADRE E A MOCA"
"1875";"O PALHACO"
"1876";"O PANTANO"
"1877";"O PARADOXO DA DEMOCRACIA"
"1878";"O PARAISO DE MARIA"
"1879";"O PARAISO DEVE SER AQUI"
"1880";"O PARQUE"
"1881";"O PARQUE DOS SONHOS"
"1882";"O PASSAGEIRO"
"1883";"O PASSARINHO AMARELO"
"1884";"O PASSARO PINTADO"
"1885";"O PEQUENO FAZENDEIRO"
"1886";"O PESO DO PASSADO"
"1887";"O PIANO QUE CONVERSA"
"1888";"O PINTASSILGO"
"1889";"O PODER DE DIANE"
"1890";"O PODER E O IMPOSSIVEL"
"1891";"O PODEROSO CHEFINHO"
"1892";"O PRECO DA VERDADE"
"1893";"O PRECO DE TUDO"
"1894";"O PREDADOR"
"1895";"O PRIMEIRO ADEUS"
"1896";"O PRIMEIRO HOMEM"
"1897";"O PROCESSO"
"1898";"O PROCESSO SERGEI LOZNITSA"
"1899";"O PROFESSOR SUBSTITUTO"
"1900";"O PROTETOR 2"
"1901";"O QUE ARDE"
"1902";"O QUE DE VERDADE IMPORTA"
"1903";"O QUE E ISSO COMPANHEIRO"
"1904";"O QUE ELA DISSE AS CRITICAS DE PAULINE KAEL"
"1905";"O QUE RESTA  MOSTRA ESTREIAS CARIOCAS"
"1906";"O QUE SERA DE NOZES 2"
"1907";"O QUE TE FAZ MAIS FORTE"
"1908";"O QUE TERA ACONTECIDO A BABY JANE"
"1909";"O QUE VAO DIZER"
"1910";"O QUE VOCE IRA FAZER QUANDO O MUNDO ESTIVER EM CHAMAS"
"1911";"O QUEBRACABECA"
"1912";"O QUEBRANOZES E OS QUATRO REINOS"
"1913";"O RASTRO"
"1914";"O REENCONTRO"
"1915";"O REI DA NOITE"
"1916";"O REI DA VELA"
"1917";"O REI DE ROMA"
"1918";"O REI DO SHOW"
"1919";"O REI E O PASSARO"
"1920";"O REI LEAO"
"1921";"O REINO DOS SAPOS"
"1922";"O REINO GELADO A TERRA DOS ESPELHOS"
"1923";"O REINO GELADO FOGO E GELO"
"1924";"O RELATORIO"
"1925";"O RENASCIMENTO DO PARTO 2"
"1926";"O RENASCIMENTO DO PARTO 3"
"1927";"O RETORNO DE BEN"
"1928";"O RETORNO DE MARY POPPINS"
"1929";"O RETORNO DE MARY POPPINS  CIA DE BALLET AO VIVO"
"1930";"O RETORNO DO HEROI"
"1931";"O RETRATO DA ESCURIDAO  O GRANDE BIZARRO"
"1932";"O RITUAL"
"1933";"O ROTEIRISTA E O PUBLICO  BRPLOT"
"1934";"O SACRIFICIO DO CERVO SAGRADO"
"1935";"O SALARIO DO MEDO"
"1936";"O SAMBA E MEU DOM  WILSON DAS NEVES"
"1937";"O SAMURAI"
"1938";"O SEGREDO DE DAVI"
"1939";"O SENHOR DOS ANEIS  AS DUAS TORRES"
"1940";"O SENHOR DOS ANEIS  O RETORNO DO REI"
"1941";"O SEQUESTRO"
"1942";"O SILENCIO"
"1943";"O SILENCIO DO MAR"
"1944";"O SILENCIO DOS OUTROS"
"1945";"O SOL TAMBEM E UMA ESTRELA"
"1946";"O SURGIMENTO DE DADA"
"1947";"O TEMPO COM VOCE"
"1948";"O TERCEIRO ASSASSINATO"
"1949";"O TERMOMETRO DE GALILEU"
"1950";"O TOURO FERDINANDO"
"1951";"O TOURO INDOMAVEL"
"1952";"O TRADUTOR"
"1953";"O TRAIDOR"
"1954";"O TROVADOR"
"1955";"O TROVADOR ROYAL OPERA HOUSE"
"1956";"O TURISTA SUICIDA"
"1957";"O ULTIMO AMOR DE CASANOVA"
"1958";"O ULTIMO LANCE"
"1959";"O ULTIMO SUSPIRO"
"1960";"O VENERAVEL W"
"1961";"O VERAO DE ADAM"
"1962";"O VERDE ESTA DO OUTRO LADO"
"1963";"O VOYEUR DO TELHADO"
"1964";"OBITUARIO"
"1965";"OBRIGADO PELA CHUVA"
"1966";"OBSCURO BARROCO"
"1967";"OBSESSAO"
"1968";"OCIDENTAL"
"1969";"ODETE"
"1970";"OH LUCY"
"1971";"OHARU A VIDA DE UMA CORTESA"
"1972";"OITO MULHERES E UM SEGREDO"
"1973";"OLHANDO PARA AS ESTRELAS"
"1974";"OLHARES BRASIL"
"1975";"OLHOS DO DESERTO"
"1976";"ON YOGA  ARQUITETURA DA PAZ"
"1977";"ONDE A MOEDA CAI EM PE A HISTORIA DO SAO PAULO FUTEBOL CLUBE"
"1978";"ONDE ESTA VOCE JOAO GILBERTO"
"1979";"ONDE QUER QUE VOCE ESTEJA"
"1980";"ONE NIGHT FOR JANIS JOPLIN"
"1981";"OPERA IOLANTA  O QUEBRANOZES"
"1982";"OPERA NA TELA  DON CARLOS"
"1983";"OPERA NA TELA  ROMEU E JULIETA"
"1984";"OPERA NA TELA  TOSCA"
"1985";"OPERA NA TELA  TRISTAO E ISOLDA"
"1986";"OPERA NA TELA OS DOIS FOSCARI"
"1987";"OPERACAO OVERLORD"
"1988";"OPERACAO RED SPARROW"
"1989";"ORFEU E EURIDICE"
"1990";"ORGANISMO"
"1991";"ORIGINAIS BRASILEIROS  BRPLOT"
"1992";"ORLANDO  A MULHER IMORTAL"
"1993";"OS 3 INFERNAIS"
"1994";"OS 8 MAGNIFICOS"
"1995";"OS AMANTES CRUCIFICADOS"
"1996";"OS BRINQUEDOS MAGICOS"
"1997";"OS CACAFANTASMAS 1984"
"1998";"OS CAIPIRAS EM BUSCA DE UM SONHO"
"1999";"OS COMEDORES DE MEIA"
"2000";"OS CURTAS DE GABRIELA AMARAL ALMEIDA"
"2001";"OS DOCES BARBAROS"
"2002";"OS DOIS FILHOS DE JOSEPH"
"2003";"OS DONOS DA RUA"
"2004";"OS ESTRANHOS 2  CACADA NOTURNA"
"2005";"OS EXTERMINADORES DO ALEM CONTRA A LOIRA DO BANHEIRO"
"2006";"OS FAMOSOS E OS DUENDES DA MORTE  TAPA NA PANTERA"
"2007";"OS FANTASMAS DE ISMAEL"
"2008";"OS FAROFEIROS"
"2009";"OS GOLFINHOS VAO PARA O LESTE"
"2010";"OS GUARDIOES"
"2011";"OS INCONFIDENTES"
"2012";"OS INCONTESTAVEIS"
"2013";"OS INCRIVEIS 2"
"2014";"OS INICIADOS"
"2015";"OS JOVENS BAUMANN"
"2016";"OS JOVENS TITAS EM ACAO NOS CINEMAS"
"2017";"OS MENINOS QUE ENGANAVAM NAZISTAS"
"2018";"OS MEYEROWITZ FAMILIA NAO SE ESCOLHE"
"2019";"OS MISERAVEIS"
"2020";"OS MORTOS NAO MORREM"
"2021";"OS OLHOS DE CABUL"
"2022";"OS OLHOS DE ORSON WELLES"
"2023";"OS ORFAOS"
"2024";"OS PALHACOS"
"2025";"OS PAPEIS DE ASPERN"
"2026";"OS PARCAS"
"2027";"OS PARCAS 2"
"2028";"OS PENETRAS 2  QUEM DA MAIS"
"2029";"OS POBRES DIABOS"
"2030";"OS PRINCIPES"
"2031";"OS SALTIMBANCOS TRAPALHOES RUMO A HOLLYWOOD"
"2032";"OS SEMFLORESTA"
"2033";"OS SMURFS E A VILA PERDIDA"
"2034";"OS SONAMBULOS"
"2035";"OS TEMPOS DE HARVEY MILK"
"2036";"OS TRADUTORES"
"2037";"OS TRANSGRESSORES"
"2038";"OS TRES LADROES"
"2039";"OS ULTIMOS DIAS DE COPACABANA JACK  MOSTRA ESTREIAS CARIOCAS"
"2040";"OS UNDER UNDERGROUNDS O COMECO"
"2041";"OS VINGADORES"
"2042";"OSCILACOES"
"2043";"OSTWIND"
"2044";"OTELLO"
"2045";"OUTBACK PREPARA A GUERRA DO HAMBURGUER"
"2046";"OUTBACK PREPARA TA CHOVENDO HAMBURGUER 2"
"2047";"OUTUBRO"
"2048";"OYUKI A VIRGEM"
"2049";"PACARRETE"
"2050";"PACIFICADO"
"2051";"PACOTE FESTIVAL DO RIO  06 INGRESSOS"
"2052";"PACOTE FESTIVAL DO RIO 2019  06 INGRESSOS"
"2053";"PADDINGTON 2"
"2054";"PAGLIACCI"
"2055";"PAI EM DOSE DUPLA 2"
"2056";"PAINEIS DO PORTO  DO CEU AO RIO  JAIME"
"2057";"PAIS BARBARO"
"2058";"PAISAGENS JAMES BENNING E CLEMENS KLOPFENSTEIN"
"2059";"PAIXAO OBSESSIVA"
"2060";"PALACE II  3 QUARTOS COM VISTA PARA O MAR"
"2061";"PALMAS PARA MIM"
"2062";"PANICO DO EXPRESSO DO ORIENTE  ESCAPE ROUTE"
"2063";"PANORAMA 1  2019"
"2064";"PANORAMA 2  2019"
"2065";"PANORAMA 3  2019"
"2066";"PANORAMA 4  2019"
"2067";"PANORAMA 5"
"2068";"PANORAMA BRASIL VIII"
"2069";"PANORAMA BRASIL X"
"2070";"PANORAMA INTERNACIONAL 1"
"2071";"PANORAMA INTERNACIONAL 3"
"2072";"PANORAMA INTERNACIONAL 4"
"2073";"PANORAMA INTERNACIONAL 5"
"2074";"PANORAMA INTERNACIONAL 6"
"2075";"PANORAMA INTERNACIONAL 7"
"2076";"PANTERA NEGRA"
"2077";"PAPA FRANCISCO CONQUISTANDO CORACOES"
"2078";"PAPICHA"
"2079";"PAPILLON"
"2080";"PAPO ANIMADO MICHAEL DUDOK"
"2081";"PAPO ANIMADO PETER PEAKE"
"2082";"PAPO ANIMADO ROBERT VALLEY"
"2083";"PAPO ANIMADO SAM"
"2084";"PARAI"
"2085";"PARAISO PERDIDO"
"2086";"PARASITA"
"2087";"PARIS 8"
"2088";"PARIS A BRANCA"
"2089";"PARIS PODE ESPERAR"
"2090";"PARO QUANDO QUERO"
"2091";"PARQUE DO INFERNO"
"2092";"PARTIDA"
"2093";"PASQUALINO SETE BELEZAS"
"2094";"PASSAGEIROS"
"2095";"PASSAPORTE FESTIVAL DO RIO 2018 20 INGRESSOS"
"2096";"PASSAPORTE FESTIVAL DO RIO 2019  20 INGRESSOS"
"2097";"PASSAROS DE VERAO"
"2098";"PASSAROS ESTAO CANTANDO EM KIGALI"
"2099";"PASTOR CLAUDIO"
"2100";"PAT  MAT"
"2101";"PATRICK"
"2102";"PATRULHA CANINA  SUPER FILHOTES"
"2103";"PATTI CAKE"
"2104";"PAULA REGO HISTORIAS E SEGREDOS"
"2105";"PAULISTAS"
"2106";"PAULO APOSTOLO DE CRISTO"
"2107";"PAULO CASE  O ARQUITETO DO ENCONTRO"
"2108";"PAULO DE TARSO E A HISTORIA DO CRISTIANISMO PRIMITIVO"
"2109";"PAVAROTTI"
"2110";"PEARL JAM LIVE AT WRIGLEY LETS PLAY"
"2111";"PEDRO COELHO"
"2112";"PEDRO E INES O AMOR NAO DESCANSA"
"2113";"PEGANDO FOGO"
"2114";"PEGASO"
"2115";"PEIXE GRANDE E SUAS HISTORIAS MARAVILHOSAS"
"2116";"PEIXONAUTA  O FILME"
"2117";"PELA JANELA"
"2118";"PELE  O NASCIMENTO DE UMA LENDA"
"2119";"PELE SUJA MINHA CARNE"
"2120";"PELEJA NO SERTAO O DESPERTAR DE LILITH"
"2121";"PELICAN BLOOD"
"2122";"PENDULAR"
"2123";"PEPEQUENO"
"2124";"PEQUENA GRANDE VIDA"
"2125";"PEQUENAS MENTIRAS FRANCESAS"
"2126";"PEQUENO DICIONARIO AMOROSO"
"2127";"PEQUENOS HEROIS"
"2128";"PERDIDOS EM PARIS"
"2129";"PERDIDOS NA NOITE"
"2130";"PERFEITA E A MAE 2"
"2131";"PERSONA NON GRATA"
"2132";"PERSONAGENS REAIS HISTORIAS DE FICCAO  BRPLOT"
"2133";"PESADELO PERFUMADO"
"2134";"PESSOAS  CONTAR PARA VIVER"
"2135";"PETER PAN 1953"
"2136";"PETERLOO"
"2137";"PETS  A VIDA SECRETA DOS BICHOS 2"
"2138";"PIAZZA VITTORIO"
"2139";"PICAPAU"
"2140";"PICURUTA  A LENDA DO GATO"
"2141";"PIEDADE"
"2142";"PINHAO"
"2143";"PINK FLAMINGOS"
"2144";"PIRATAS DO CARIBE A VINGANCA DE SALAZAR"
"2145";"PIRIPKURA"
"2146";"PIXI POST E OS ENTREGADORES DE PRESENTE"
"2147";"PIXOTE A LEI DO MAIS FRACO"
"2148";"PLANETA DOS MACACOS A GUERRA"
"2149";"PLAYMOBIL"
"2150";"PLOEY VOCE NUNCA VOARA SO"
"2151";"PO"
"2152";"POBRES MAS RICOS"
"2153";"PODERIA ME PERDOAR"
"2154";"PODRES DE RICOS"
"2155";"POETAS DO CEU"
"2156";"POETICA NEGRA"
"2157";"POKEMON  DETETIVE PIKACHU"
"2158";"POKEMON O FILME EU ESCOLHO VOCE"
"2159";"POLICIA FEDERAL  A LEI E PARA TODOS"
"2160";"POLITICA MANUAL DE INSTRUCOES"
"2161";"PONTO CEGO"
"2162";"POP AYE"
"2163";"POR MEUS BIGODES"
"2164";"POR QUE VIVEMOS"
"2165";"POR TRAS DO CEU"
"2166";"POR TRAS DOS SEUS OLHOS"
"2167";"POR UM PUNHADO DE DOLARES"
"2168";"POR UM PUNHADO DE DOLARES OS NOVOS EMIGRADOS"
"2169";"PORTFOLIO  2019"
"2170";"PORTFOLIO 1"
"2171";"PORTFOLIO 2"
"2172";"PORTIFOLIO 2017"
"2173";"PORTO DAS CAIXAS"
"2174";"POSSESSAO"
"2175";"POSSESSAO E CULTOS"
"2176";"POWER RANGERS  O FILME"
"2177";"PRACA PARIS"
"2178";"PRACA PUBLICA"
"2179";"PRANK  MOSTRA QUEBEC"
"2180";"PREDADORES ASSASSINOS"
"2181";"PRELUDIO DA FURIA"
"2182";"PREMIACAO"
"2183";"PREMIACAO RJ"
"2184";"PREMIO BRASIL DE CINEMA INFANTIL  MOSTRA TEEN"
"2185";"PREVENGE"
"2186";"PRIMATA"
"2187";"PRIMAVERA EM CASABLANCA"
"2188";"PRIMEIRO AMOR"
"2189";"PRIMEIRO ANO"
"2190";"PRIMEIRO PESADELO"
"2191";"PRIMEIRO PESADELO 1900"
"2192";"PRISIONEIRO DO ROCK"
"2193";"PROCURANDO POR INGMAR BERGMAN"
"2194";"PROCURE A MULHER"
"2195";"PROFESSOR MARSTON E AS MULHERESMARAVILHAS"
"2196";"PROFESSOR SAPO"
"2197";"PROFILE"
"2198";"PROGRAMA 1"
"2199";"PROGRAMA 2"
"2200";"PROGRAMA 6"
"2201";"PROGRAMA CURTAS INTERNACIONAIS  8X ANIMACAO"
"2202";"PROJETO FLORIDA"
"2203";"PROJETO GEMINI"
"2204";"PROMESSA AO AMANHECER"
"2205";"PROXIMA PARADA BAIRRO BOEMIO"
"2206";"PUNHOS DE SANGUE  A VERDADEIRA HISTORIA DE ROCKY BALBOA"
"2207";"PUREZA"
"2208";"PYEWACKET  ENTIDADE MALIGNA"
"2209";"QUANDO MARGOT ENCONTRA MARGOT"
"2210";"QUANDO O GALO CANTAR PELA TERCEIRA VEZ RENEGARAS TUA MAE"
"2211";"QUARTO 212"
"2212";"QUARTO 66 E OS SEGREDOS TEMPLARIOS  ESCAPE ROUTE"
"2213";"QUATRO DIAS COM EDUARDO"
"2214";"QUATRO VIDAS DE UM CACHORRO"
"2215";"QUE LINGUA VOCE FALA"
"2216";"QUE OS OLHOS RUINS NAO TE ENXERGUEM"
"2217";"QUEERCORE HOW TO PUNK A REVOLUTION"
"2218";"QUEM E BETA"
"2219";"QUEM E PRIMAVERA DAS NEVES FESTIVAL E TUDO VERDADE"
"2220";"QUEM ME AMA ME SEGUE"
"2221";"QUEM MORA LA"
"2222";"QUEM VOCE PENSA QUE SOU"
"2223";"QUERIDA MAMAE"
"2224";"QUERIDO EMBAIXADOR"
"2225";"QUERIDO FILHO"
"2226";"QUERIDO MENINO"
"2227";"RAFIKI"
"2228";"RAIA 4"
"2229";"RAIN MAN"
"2230";"RAINHA DE COPAS"
"2231";"RAINHAS DO CRIME"
"2232";"RAIVA"
"2233";"RAMBO ATE O FIM"
"2234";"RAMMSTEIN PARIS"
"2235";"RAMPAGE  DESTRUICAO TOTAL"
"2236";"RASGA CORACAO"
"2237";"RASTROS"
"2238";"RBG HERO ICON DISSENTER"
"2239";"REAL  O PLANO POR TRAS DA HISTORIA"
"2240";"RECIFE ASSOMBRADO"
"2241";"REEL ROCK 12"
"2242";"REFEM DO JOGO"
"2243";"REI"
"2244";"REI ARTHUR A LENDA DA ESPADA"
"2245";"RELATOS DO FRONT  FRAGMENTOS DE UMA TRAGEDIA BRASILEIRA"
"2246";"REPULSA AO SEXO"
"2247";"REQUIEM PARA SRA J"
"2248";"REQUIEM PARA UM SONHO"
"2249";"RESET  O NOVO BALE DA OPERA DE PARIS"
"2250";"RESIDENT EVIL 6  O CAPITULO FINAL"
"2251";"RESSACA"
"2252";"RETABLO"
"2253";"RETRATO DE JASON"
"2254";"RETRATO DE UMA JOVEM EM CHAMAS"
"2255";"RETRATO DO AMOR"
"2256";"RETRATOS DE IDENTIFICACAO"
"2257";"REVIVER  MOSTRA ESTREIAS CARIOCAS"
"2258";"RICARDO III  RICHARD LONCRAINE"
"2259";"RINDO A TOA  HUMOR SEM LIMITES"
"2260";"RIO 40 GRAUS"
"2261";"RIO DO MEDO"
"2262";"RIO MUMBAI"
"2263";"RIO ZONA NORTE"
"2264";"RIOS RESTAURANTE PREPARA A 100 PASSOS DE UM SONHO"
"2265";"RIOS RESTAURANTE PREPARA PEGANDO FOGO"
"2266";"RIOS RESTAURANTE PREPARA RATATOUILLE"
"2267";"RISCADO"
"2268";"RMF2017 MOSTRA BANFF 1"
"2269";"RMF2017 MOSTRA BANFF 2"
"2270";"RMF2017 MOSTRA COMPETITIVA 1"
"2271";"RMF2017 MOSTRA COMPETITIVA 2"
"2272";"RMF2017 MOSTRA COMPETITIVA 3"
"2273";"RMF2017 MOSTRA COMPETITIVA 4"
"2274";"RMF2017 MOSTRA COMPETITIVA 5"
"2275";"ROBERTO BOLANO A BATALHA FUTURA CHILE"
"2276";"ROBERTO CARLOS EM JERUSALEM"
"2277";"ROBERTO CARLOS EM RITMO DE AVENTURA"
"2278";"ROBIN HOOD A ORIGEM"
"2279";"ROCK DOG  NO FARO DO SUCESSO"
"2280";"ROCKETMAN"
"2281";"ROCKN ROLL POR TRAS DA FAMA"
"2282";"RODA GIGANTE"
"2283";"RODIN"
"2284";"ROGER WATERS US  THEM"
"2285";"ROGERIA SENHOR ASTOLFO BARROSO PINTO"
"2286";"ROGERIO DUARTE  O TROPIKAOSLISTA"
"2287";"ROGUE ONE  UMA HISTORIA STAR WARS"
"2288";"ROJO GASTRONOMIA PREPARA MADAME"
"2289";"ROMEU E JULIETA AO SOM DE MARISA MONTE"
"2290";"ROSA DE AREIA"
"2291";"ROSEMBERG 70  CINEMA DE AFETO"
"2292";"RUA DA VERGONHA"
"2293";"RUBEN BRANDT COLLECTOR"
"2294";"RUDOLF O GATINHO"
"2295";"RUN 2013"
"2296";"RUSSIA 2018  BRASIL X BELGICA"
"2297";"RUSSIA 2018  BRASIL X COSTA RICA"
"2298";"RUSSIA 2018  BRASIL X MEXICO"
"2299";"RUSSIA 2018 BRASIL X SERVIA"
"2300";"RUSSIA 2018 BRASIL X SUICA"
"2301";"RYUICHI SAKAMOTO CODA"
"2302";"RYUICHI SAKAMOTO UM CONCERTO EM NOVA YORK"
"2303";"SABADO"
"2304";"SAFARI"
"2305";"SAI DE BAIXO  O FILME"
"2306";"SAILING BAND"
"2307";"SAINT AMOUR NA ROTA DO VINHO"
"2308";"SAINT FRANCES"
"2309";"SALMO VERMELHO"
"2310";"SALTIMBANCOS TRAPALHOES"
"2311";"SAMBACINE COM LEO TOMASSINI E BANDA"
"2312";"SAMPA JAZZ FEST  MARCELO MONTEIRO QUINTETO E LUDERE"
"2313";"SAMPA JAZZ FEST  VITOR ARANTES QUARTETO E PROJETO COISA FINA"
"2314";"SANGUE DE PELICANO"
"2315";"SANSAO"
"2316";"SANSAO E DALILA"
"2317";"SANTA  ANDRES"
"2318";"SANTIAGO ITALIA"
"2319";"SANTORO  O HOMEM E SUA MUSICA"
"2320";"SANTOS DE TODOS OS GOLS"
"2321";"SAUDADE"
"2322";"SCREAMERS"
"2323";"SE"
"2324";"SE A RUA BEALE FALASSE"
"2325";"SE EU FOSSE VOCE"
"2326";"SEAN SCULLY E A ARTE DE TUDO"
"2327";"SEBERG CONTRA TODOS"
"2328";"SEFARAD"
"2329";"SEGREDOS OFICIAIS"
"2330";"SEGUINDO O VENTO"
"2331";"SEGUNDO TEMPO"
"2332";"SEJA BELA E CALE A BOCA"
"2333";"SELFIE PARA O INFERNO"
"2334";"SELVAGEM"
"2335";"SEM AMOR"
"2336";"SEM DATA SEM ASSINATURA"
"2337";"SEM DESCANSO"
"2338";"SEM FOLEGO"
"2339";"SEM RASTROS"
"2340";"SEM RESERVAS"
"2341";"SEM SEU SANGUE"
"2342";"SEMENTE DA MUSICA BRASILEIRA"
"2343";"SEMIFINAL 1  LIGA DOS YOUTUBERS"
"2344";"SEMIFINAL 2 LIGA DOS YOUTUBERS"
"2345";"SENHORA FANG"
"2346";"SENHORITA OYU"
"2347";"SEOROSA PREPARA CHEF"
"2348";"SEPULTURA ENDURANCE"
"2349";"SEQUESTRO RELAMPAGO"
"2350";"SER TAO VELHO CERRADO"
"2351";"SERGUEI O ULTIMO PSICODELICO"
"2352";"SESSAO BLACK LGBTQI CINEMA NEGRO"
"2353";"SESSAO CINECLUBE  TONICO PEREIRA"
"2354";"SESSAO CINECLUBE CONVIDA  CINECLUBE DELAS"
"2355";"SESSAO CINECLUBE CONVIDA CINECLUBE ACAO E REFLEXAO"
"2356";"SESSAO CINETICA BOM TRABALHO"
"2357";"SESSAO CONVIDADOS 1"
"2358";"SESSAO CONVIDADOS 2"
"2359";"SESSAO CURTAS 1"
"2360";"SESSAO DE CONVIDADOS 2"
"2361";"SESSAO DE CURTAS INDIELISBOA"
"2362";"SESSAO DE ENCERRAMENTO"
"2363";"SESSAO ESPECIAL ANNECY  2019"
"2364";"SESSAO INFANTIL  MOSTRA CAVIDEO"
"2365";"SESSAO OCUPACAO"
"2366";"SESSAO PETROBRAS TALENTOS APRESENTA CARLOS SALDANHA"
"2367";"SETE ANOS EM MAIO"
"2368";"SETE DIAS EM ENTEBBE"
"2369";"SEU ROSTO"
"2370";"SEVERINA"
"2371";"SEXY DURGA"
"2372";"SEXY POR ACIDENTE"
"2373";"SHADE  ENTRE BRUXAS E HEROIS"
"2374";"SHAFT"
"2375";"SHAKIRA IN CONCERT  EL DORADO WORLD TOUR"
"2376";"SHAZAM"
"2377";"SHIVA  UMA SEMANA E UM DIA"
"2378";"SHOAH  PRIMEIRA EPOCA"
"2379";"SHOAH  SEGUNDA EPOCA"
"2380";"SHOW VALE A PENA OUVIR DE NOVO HORARIO NOBRE RETRO BAND"
"2381";"SIBYL"
"2382";"SICARIO DIA DO SOLDADO"
"2383";"SIGILO ETERNO"
"2384";"SILENCIO"
"2385";"SILENCIO NO ESTUDIO"
"2386";"SILVIO E OS OUTROS"
"2387";"SIM FUI UM CRIANCA VIADA"
"2388";"SIMON  THEODORE"
"2389";"SIMONAL"
"2390";"SIMPLESMENTE COMPLICADO"
"2391";"SINAIS DE CINZA A PELEJA DE OLNEY CONTRA O DRAGAO DA MALDADE"
"2392";"SING  QUEM CANTA SEUS MALES ESPANTA"
"2393";"SING A LONG"
"2394";"SKATE KITCHEN"
"2395";"SKIN"
"2396";"SLAM VOZ DE LEVANTE"
"2397";"SLAYER THE REPENTLESS KILLOGY"
"2398";"SLENDER MAN PESADELO SEM ROSTO"
"2399";"SLIPKNOT DAY OF THE GUSANO"
"2400";"SOB O SOL DA TOSCANA"
"2401";"SOBIBOR"
"2402";"SOBRE RODAS"
"2403";"SOBRE VIAGENS E AMORES"
"2404";"SOBRENATURAL  A ULTIMA CHAVE"
"2405";"SOCIEDADE DO ALMOCO GRATIS"
"2406";"SOCORRO VIREI UMA GAROTA"
"2407";"SOCRATES"
"2408";"SOFA"
"2409";"SOL DA MEIANOITE"
"2410";"SOLDADOS DO ARAGUAIA"
"2411";"SOLINO"
"2412";"SOLTEIRA QUASE SURTANDO"
"2413";"SOLTERRA E LUZ"
"2414";"SOM SOL  SURF SAQUAREMA"
"2415";"SOMBRIA"
"2416";"SOMENTE O MAR SABE"
"2417";"SOMETHING LIKE SUMMER"
"2418";"SONATA DE OUTONO"
"2419";"SONHO DE RUI  MOSTRA CAVIDEO"
"2420";"SONIC  O FILME"
"2421";"SONMOTHER"
"2422";"SONO MORTAL"
"2423";"SOU CARNAVAL DE SAO SALVADOR"
"2424";"SOUNDGARDEN LIVE FROM THE ARTISTS DEN"
"2425";"SOUNDTRACK"
"2426";"STALKER"
"2427";"STAND UP COMEDY  1303"
"2428";"STAND UP COMEDY  EROS"
"2429";"STAR WARS  OS ULTIMOS JEDI"
"2430";"STAR WARS A ASCENSAO SKYWALKER"
"2431";"STARLADDER BERLIN MAJOR 2019"
"2432";"STATE FUNERAL"
"2433";"STEFAN ZWEIG  ADEUS EUROPA"
"2434";"STREETSCAPES  DIALOGUE"
"2435";"STUDIO 54"
"2436";"SUA PELE TAO MACIA"
"2437";"SUBMERSAO"
"2438";"SUBURBICON  BEMVINDOS AO PARAISO"
"2439";"SUENO FLORIANOPOLIS"
"2440";"SUPER BOWL LI PRIMEIRA FASEZZZZZZZZNAO USAR"
"2441";"SUPER BOWL LII"
"2442";"SUPER BOWL LIII"
"2443";"SUPER BOWL LIV"
"2444";"SUPERACAO  O MILAGRE DA FE"
"2445";"SUPERMAN  O FILME"
"2446";"SUPEROUTRO"
"2447";"SUPREMA"
"2448";"SUSPIRIA"
"2449";"SUSPIRIA  A DANCA DO MEDO"
"2450";"SWORD OF THE STRANGER"
"2451";"SYMPATHY FOR THE DEVIL"
"2452";"SYNONYMES"
"2453";"SYSTEM CRASHER"
"2454";"T2 TRAINSPOTTING"
"2455";"TA CHOVENDO HAMBURGUER 2"
"2456";"TA RINDO DE QUE HUMOR E DITADURA"
"2457";"TABU"
"2458";"TAKARA  A NOITE EM QUE NADEI"
"2459";"TAL MAE TAL FILHA"
"2460";"TALVEZ UMA HISTORIA DE AMOR"
"2461";"TAMARA"
"2462";"TANGERINE DREAM A REVOLUCAO DO SOM"
"2463";"TAO FELIZ QUANTO POSSIVEL"
"2464";"TARDE PARA MORRER JOVEM"
"2465";"TATUAGENS FALSAS  MOSTRA QUEBEC"
"2466";"TE PEGUEI"
"2467";"TECHNOBOSS"
"2468";"TECNICA DE UM DELATOR"
"2469";"TED BUNDY  A IRRESISTIVEL FACE DO MAL"
"2470";"TEERA CIDADE DO AMOR"
"2471";"TEMPESTADE PLANETA EM FURIA"
"2472";"TEMPO COMUM"
"2473";"TEMPO E  ZE LUIZ DO IMPERIO"
"2474";"TEMPO PASSADO NO MEU PRESENTE"
"2475";"TEMPORADA"
"2476";"TEMPOS MODERNOS"
"2477";"TENDA DOS MILAGRES"
"2478";"TERMINAL PRAIA GRANDE"
"2479";"TERRA DAS CINZAS"
"2480";"TERRA E LUZ"
"2481";"TERRA EM TRANSE"
"2482";"TERRA SAGRADA"
"2483";"TERRA SELVAGEM"
"2484";"TERRAMAE"
"2485";"TERREMOTO"
"2486";"TESNOTA"
"2487";"TESOROS"
"2488";"TESTEMUNHA INVISIVEL"
"2489";"TEU MUNDO NAO CABE NOS MEUS OLHOS"
"2490";"THE BRAWLER"
"2491";"THE BURIAL OF KOJO"
"2492";"THE CAPOTE TAPES"
"2493";"THE CLEANERS"
"2494";"THE CLIMB"
"2495";"THE CURE  LIVE IN HYDE"
"2496";"THE DRIFTERS"
"2497";"THE FEAR OF LOOKING UP"
"2498";"THE KINGMAKER"
"2499";"THE KITCHEN BY FRANK  CHARLES PREPARA O REI DO SHOW"
"2500";"THE LAKE VAMPIRE"
"2501";"THE LODGE"
"2502";"THE POST  A GUERRA SECRETA"
"2503";"THE SQUARE  A ARTE DA DISCORDIA"
"2504";"THE VILLAINESS"
"2505";"THE WOUNDED ANGEL"
"2506";"THELMA"
"2507";"THEY"
"2508";"THF  AEROPORTO CENTRAL"
"2509";"THIRST STREET"
"2510";"THOR RAGNAROK"
"2511";"TIA CIATA"
"2512";"TINHA QUE SER ELE"
"2513";"TINTA BRUTA"
"2514";"TIO DREW"
"2515";"TITICUT FOLLIES"
"2516";"TITO E OS PASSAROS"
"2517";"TOC  TRANSTORNADA OBSESSIVA COMPULSIVA"
"2518";"TODA NUDEZ SERA CASTIGADA"
"2519";"TODAS AS CANCOES DE AMOR"
"2520";"TODAS AS RAZOES PARA ESQUECER"
"2521";"TODO CLICHE DO AMOR"
"2522";"TODO DIA"
"2523";"TODO O DINHEIRO DO MUNDO"
"2524";"TODOS JA SABEM"
"2525";"TODOS OS OUTROS"
"2526";"TODOS OS PAULOS DO MUNDO"
"2527";"TOKYO GHOUL"
"2528";"TOLKIEN"
"2529";"TOM OF FINLAND"
"2530";"TOMB RAIDER  A ORIGEM"
"2531";"TONGUES UNTIED"
"2532";"TONI MORRISON AS MUITAS QUE EU SOU"
"2533";"TOP OF THE LAKE CHINA GIRL"
"2534";"TORNEIO FIFA SOCCER 17"
"2535";"TORQUATO NETO  TODAS AS HORAS DO FIM"
"2536";"TORRE  UM DIA BRILHANTE"
"2537";"TORRE DAS DONZELAS"
"2538";"TOUKI BOUKI A VIAGEM DA HIENA"
"2539";"TOUR DE FRANCE"
"2540";"TOY STORY 4"
"2541";"TRABALHAR CANSA"
"2542";"TRAFFIK  LIBERDADE ROUBADA"
"2543";"TRAGAMME A CABECA DE CARMEN M"
"2544";"TRAGAMME A CABECA DE CARMEN M  MOSTRA CAVIDEO"
"2545";"TRAMA FANTASMA"
"2546";"TRANSFORMERS O ULTIMO CAVALEIRO"
"2547";"TRASOSMONTES"
"2548";"TREMORES"
"2549";"TRES ANUNCIOS PARA UM CRIME"
"2550";"TRES ESTRANHOS IDENTICOS"
"2551";"TRES FACES"
"2552";"TRES HOMENS EM CONFLITO"
"2553";"TRES VEROES"
"2554";"TRIPAS DE ANJO SALA VERMELHA"
"2555";"TRISTEZA E ALEGRIA NA VIDA DAS GIRAFAS"
"2556";"TROCA DE RAINHAS"
"2557";"TRON  UMA ODISSEIA ELETRONICA"
"2558";"TSCHICK"
"2559";"TSE"
"2560";"TUDO ACABA EM FESTA"
"2561";"TUDO E IRRELEVANTE"
"2562";"TUDO E IRRELEVANTE HELIO JAGUARIBE"
"2563";"TUDO E PROJETO"
"2564";"TUDO E TODAS AS COISAS"
"2565";"TUDO O QUE TIVEMOS"
"2566";"TUDO O QUE VOCE QUER"
"2567";"TUDO POR UM POP STAR"
"2568";"TUDO QUE QUERO"
"2569";"TUDO QUE VOCE QUER"
"2570";"TUDO SOBRE YVES"
"2571";"TULIPANI AMOR HONRA E UMA BICICLETA"
"2572";"TULLY"
"2573";"TUMULOS SEM NOME"
"2574";"TUNGA  O ESQUECIMENTO DAS PAIXOES"
"2575";"TUNGSTENIO"
"2576";"TURANDOT"
"2577";"TURMA DA MONICA  LACOS"
"2578";"TWAAGA"
"2579";"TYREL"
"2580";"UGLYDOLLS"
"2581";"ULTIMOS DIAS EM HAVANA"
"2582";"ULTIMOS HOMENS EM ALEPPO"
"2583";"ULTRAJE"
"2584";"UM AMANTE FRANCES"
"2585";"UM AMOR IMPOSSIVEL"
"2586";"UM AMOR INESPERADO"
"2587";"UM ATO DE ESPERANCA"
"2588";"UM BAILE DE MASCARAS"
"2589";"UM BANHO DE VIDA"
"2590";"UM CAVALO CHAMADO ELEFANTE"
"2591";"UM DIA"
"2592";"UM DIA DE CHUVA EM NOVA YORK"
"2593";"UM DIA MUITO CLARO"
"2594";"UM DIA PARA VIVER"
"2595";"UM ELEFANTE SENTADO QUIETO"
"2596";"UM ESPIAO ANIMAL"
"2597";"UM FUNERAL EM FAMILIA"
"2598";"UM HOMEM CHAMADO OVE"
"2599";"UM HOMEM COM UMA CAMERA"
"2600";"UM HOMEM COMUM"
"2601";"UM HOMEM DE FAMILIA"
"2602";"UM HOMEM FIEL"
"2603";"UM INSTANTE DE AMOR"
"2604";"UM JOGO SERIO"
"2605";"UM LIMITE ENTRE NOS"
"2606";"UM LINDO DIA NA VIZINHANCA"
"2607";"UM LUGAR CHAMADO NOTTING HILL"
"2608";"UM LUGAR SILENCIOSO"
"2609";"UM LUGAR SILENCIOSO  PARTE 2"
"2610";"UM PEQUENO FAVOR"
"2611";"UM PERFIL PARA DOIS"
"2612";"UM SEGREDO EM PARIS"
"2613";"UM TIO QUASE PERFEITO"
"2614";"UMA  LUZ DOS HIMALAIAS"
"2615";"UMA AGENTE MUITO LOUCA"
"2616";"UMA AVENTURA LEGO 2"
"2617";"UMA CASA A BEIRAMAR"
"2618";"UMA CRIATURA GENTIL"
"2619";"UMA DAMA DE OCULOS ESCUROS COM UMA ARMA NO CARRO"
"2620";"UMA DOBRA NO TEMPO"
"2621";"UMA ESCALA EM PARIS"
"2622";"UMA ESPECIE DE FAMILIA"
"2623";"UMA FABRICA DE PAO  PARTE UM"
"2624";"UMA FAMILIA"
"2625";"UMA FAMILIA DE DOIS"
"2626";"UMA FAMILIA FELIZ"
"2627";"UMA GAROTA CHAMADA MARINA"
"2628";"UMA HISTORIA PARA OS MODLIN"
"2629";"UMA JANELA PARA O MAR"
"2630";"UMA MULHER ALTA"
"2631";"UMA MULHER CHAMADA SADA ABE"
"2632";"UMA MULHER EXTRAORDINARIA"
"2633";"UMA MULHER FANTASTICA"
"2634";"UMA NOITE DE 12 ANOS"
"2635";"UMA NOITE NAO E NADA"
"2636";"UMA NOVA CHANCE"
"2637";"UMA QUASE DUPLA"
"2638";"UMA QUESTAO PESSOAL"
"2639";"UMA RAZAO PARA RECOMECAR"
"2640";"UMA RAZAO PARA VIVER"
"2641";"UMA RUA CHAMADA PECADO"
"2642";"UMA SEGUNDA CHANCE PARA AMAR"
"2643";"UMA TEMPORADA NA FRANCA"
"2644";"UMA VERDADE MAIS INCONVENIENTE"
"2645";"UMA VIAGEM INESPERADA"
"2646";"UMA VIDA INTERESSANTE"
"2647";"UMA VIDA OCULTA"
"2648";"UNA"
"2649";"UNICORNIO"
"2650";"URIHI HAROMATIPE  CURADORES DA TERRAFLORESTA"
"2651";"URUGUAI NA VANGUARDA"
"2652";"UTAMARO E SUAS CINCO MULHERES"
"2653";"UTOYA  22 DE JULHO"
"2654";"VA E VEJA"
"2655";"VAI QUE COLA 2  O COMECO"
"2656";"VALERIAN E A CIDADE DOS MIL PLANETAS"
"2657";"VAMPIROS"
"2658";"VAN GOGH  NO PORTAL DA ETERNIDADE"
"2659";"VARDA POR AGNES"
"2660";"VARIACOES DE CASANOVA"
"2661";"VAZANTE"
"2662";"VELOCIPASTOR"
"2663";"VELOZES  FURIOSOS 8"
"2664";"VELOZES  FURIOSOS HOBBS  SHAW"
"2665";"VENDESE ESTA MOTO"
"2666";"VENEZA"
"2667";"VENEZIA"
"2668";"VENOM"
"2669";"VENTOS"
"2670";"VENTOS DA LIBERDADE"
"2671";"VERAO"
"2672";"VERAO 1993"
"2673";"VERAO DANADO"
"2674";"VERAO DE 84"
"2675";"VERAO EM RILDAS"
"2676";"VERDADE OU DESAFIO"
"2677";"VERGEL"
"2678";"VERMELHO SOL"
"2679";"VERSOES DE UM CRIME"
"2680";"VIAJANTES DE GUERRA"
"2681";"VICE"
"2682";"VICTORIA E ABDUL O CONFIDENTE DA RAINHA"
"2683";"VIDA"
"2684";"VIDA DE DOLEIRO"
"2685";"VIDA EM FAMILIA"
"2686";"VIDAS A DERIVA"
"2687";"VIDAS DUPLAS"
"2688";"VIDAS SECAS"
"2689";"VIDEODROME A SINDROME DO VIDEO"
"2690";"VIDRO"
"2691";"VINGADORES GUERRA INFINITA"
"2692";"VINGADORES ULTIMATO"
"2693";"VINGANCA"
"2694";"VINGANCA A SANGUE FRIO"
"2695";"VINTE DIAS SEM GUERRA"
"2696";"VIRADA CINEMATOGRAFICA"
"2697";"VIRGENS ACORRENTADAS"
"2698";"VIRUS TROPICAL"
"2699";"VISAGES VILLAGES"
"2700";"VISION"
"2701";"VITALINA VARELA"
"2702";"VIVA  A VIDA E UMA FESTA"
"2703";"VIVA RIVA"
"2704";"VIVENDO E SABENDO QUE SE ESTA VIVO"
"2705";"VIVER PARA CANTAR"
"2706";"VOCE NAO ESTAVA AQUI"
"2707";"VOCE NAO SABE QUEM EU SOU"
"2708";"VOCE NUNCA ESTEVE REALMENTE AQUI"
"2709";"VOU NADAR ATE VOCE"
"2710";"VOX LUX  O PRECO DA FAMA"
"2711";"WAJIB  UM CONVITE DE CASAMENTO"
"2712";"WALLE  O PEQUENO CIENTISTA"
"2713";"WASP NETWORK"
"2714";"WEIHAI"
"2715";"WESTERN"
"2716";"WESTERN STARS"
"2717";"WESTWOOD  PUNK ICONE ATIVISTA"
"2718";"WHEELY  VELOZES E DIVERTIDOS"
"2719";"WHITE BOY RICK"
"2720";"WIFI RALPH"
"2721";"WOODSTOCK  3 DIAS DE PAZ AMOR E MUSICA"
"2722";"WÙLU"
"2723";"XINGU CARIRI CARUARU CARIOCA"
"2724";"XMEN  FENIX NEGRA"
"2725";"XXX REATIVADO"
"2726";"XY CHELSEA"
"2727";"YARA"
"2728";"YEELEN  A LUZ"
"2729";"YEMA"
"2730";"YESTERDAY"
"2731";"YOMEDDINE"
"2732";"YONLU"
"2733";"YOU SHOULD MEET MY SON 21"
"2734";"YOUR NAME"
"2735";"Z  A CIDADE PERDIDA"
"2736";"Z  O CLASSICO"
"2737";"ZAATARI  MEMORIAS DO LABIRINTO"
"2738";"ZAMA"
"2739";"ZENNA CAFFE PREPARA PEGANDO FOGO"
"2740";"ZERO EM COMPORTAMENTO"
"2741";"ZOMBI CHILD"
"2742";"ZUMBILANDIA  ATIRE DUAS VEZES"
"2743";"ZUZA HOMEM DE JAZZ"
"2744";"ZVIRUS  ESCAPE ROUTE"
